"Date","Price","Open","High","Low","Vol.","Change %"
"02/26/2021","12,331.42","12,573.45","12,579.64","12,315.38","","-1.92%"
"02/25/2021","12,573.45","12,585.05","12,679.11","12,532.94","","-0.09%"
"02/24/2021","12,585.05","12,472.43","12,608.01","12,401.08","","0.90%"
"02/23/2021","12,472.43","12,506.83","12,627.69","12,332.01","","-0.28%"
"02/22/2021","12,506.83","12,533.41","12,533.41","12,348.73","","-0.21%"
"02/19/2021","12,533.41","12,535.98","12,588.79","12,513.03","","-0.02%"
"02/18/2021","12,535.98","12,637.52","12,706.36","12,500.27","","-0.80%"
"02/17/2021","12,637.52","12,900.04","12,909.05","12,620.87","","-2.04%"
"02/16/2021","12,900.04","12,907.96","12,966.71","12,861.95","","-0.06%"
"02/15/2021","12,907.96","12,648.22","12,925.35","12,648.22","","2.05%"
"02/12/2021","12,648.22","12,541.52","12,651.42","12,453.00","","0.85%"
"02/11/2021","12,541.52","12,463.62","12,550.17","12,435.69","","0.63%"
"02/10/2021","12,463.62","12,542.73","12,601.90","12,416.10","","-0.63%"
"02/09/2021","12,542.73","12,483.52","12,542.73","12,417.16","","0.47%"
"02/08/2021","12,483.52","12,453.18","12,565.22","12,450.25","","0.24%"
"02/05/2021","12,453.18","12,511.36","12,562.18","12,413.98","","-0.47%"
"02/04/2021","12,511.36","12,390.30","12,530.26","12,371.05","","0.98%"
"02/03/2021","12,390.30","12,452.71","12,555.91","12,368.27","","-0.50%"
"02/02/2021","12,452.71","12,173.25","12,455.93","12,173.25","","2.30%"
"02/01/2021","12,173.25","11,940.84","12,173.25","11,940.84","","1.95%"
"01/29/2021","11,940.84","12,038.89","12,038.89","11,767.27","","-0.81%"
"01/28/2021","12,038.89","12,047.32","12,047.32","11,771.57","","-0.07%"
"01/27/2021","12,047.32","12,246.13","12,276.62","11,995.91","","-1.62%"
"01/26/2021","12,246.13","12,167.73","12,317.89","12,161.77","","0.64%"
"01/25/2021","12,167.73","12,269.70","12,354.74","12,134.30","","-0.83%"
"01/22/2021","12,269.70","12,381.41","12,394.97","12,210.03","","-0.90%"
"01/21/2021","12,381.41","12,362.87","12,465.78","12,361.41","","0.15%"
"01/20/2021","12,362.87","12,213.06","12,409.86","12,213.01","","1.23%"
"01/19/2021","12,213.06","12,285.32","12,357.45","12,160.67","","-0.59%"
"01/18/2021","12,285.32","12,280.27","12,373.28","12,254.95","","0.04%"
"01/15/2021","12,280.27","12,448.80","12,455.49","12,196.72","","-1.35%"
"01/14/2021","12,448.80","12,367.07","12,451.06","12,327.34","","0.66%"
"01/13/2021","12,367.07","12,303.85","12,448.48","12,286.41","","0.51%"
"01/12/2021","12,303.85","12,387.70","12,438.49","12,274.61","","-0.68%"
"01/11/2021","12,387.70","12,522.59","12,600.58","12,387.70","","-1.08%"
"01/08/2021","12,522.59","12,464.81","12,624.58","12,464.81","","0.46%"
"01/07/2021","12,464.81","12,521.74","12,597.21","12,396.24","","-0.45%"
"01/06/2021","12,521.74","12,227.44","12,546.77","12,180.47","","2.41%"
"01/05/2021","12,227.44","12,278.28","12,342.70","12,168.53","","-0.41%"
"01/04/2021","12,278.28","12,122.93","12,400.09","12,122.93","","1.28%"
"12/31/2020","12,122.93","12,260.48","12,260.48","12,073.81","","-1.12%"
"12/30/2020","12,260.48","12,389.63","12,455.36","12,256.34","","-1.04%"
"12/29/2020","12,389.63","12,211.93","12,521.59","12,211.93","","1.46%"
"12/24/2020","12,211.93","12,139.22","12,265.19","12,139.22","","0.60%"
"12/23/2020","12,139.22","11,986.25","12,154.46","11,972.01","","1.28%"
"12/22/2020","11,986.25","11,827.14","12,004.82","11,753.54","","1.35%"
"12/21/2020","11,827.14","12,020.52","12,020.52","11,581.79","","-1.61%"
"12/18/2020","12,020.52","12,043.84","12,103.95","11,992.96","","-0.19%"
"12/17/2020","12,043.84","11,922.89","12,119.99","11,922.89","","1.01%"
"12/16/2020","11,922.89","11,784.66","11,988.60","11,767.20","","1.17%"
"12/15/2020","11,784.66","11,661.78","11,800.41","11,634.14","","1.05%"
"12/14/2020","11,661.78","11,560.63","11,766.49","11,558.74","","0.87%"
"12/11/2020","11,560.63","11,675.21","11,682.40","11,545.47","","-0.98%"
"12/10/2020","11,675.21","11,752.98","11,810.35","11,585.11","","-0.66%"
"12/09/2020","11,752.98","11,787.02","11,824.29","11,752.98","","-0.29%"
"12/08/2020","11,787.02","11,762.34","11,823.81","11,704.08","","0.21%"
"12/07/2020","11,762.34","11,812.17","11,849.25","11,655.07","","-0.42%"
"12/04/2020","11,812.17","11,873.11","11,902.26","11,804.24","","-0.51%"
"12/03/2020","11,873.11","11,766.19","11,902.33","11,682.71","","0.91%"
"12/02/2020","11,766.19","11,425.93","11,824.42","11,384.33","","2.98%"
"12/01/2020","11,425.93","11,211.10","11,445.59","11,211.10","","1.92%"
"11/30/2020","11,211.10","11,170.09","11,316.45","11,132.79","","0.37%"
"11/27/2020","11,170.09","11,140.51","11,170.09","10,995.01","","0.27%"
"11/26/2020","11,140.51","11,212.19","11,264.58","11,076.89","","-0.64%"
"11/25/2020","11,212.19","11,266.77","11,328.51","11,189.94","","-0.48%"
"11/24/2020","11,266.77","11,267.99","11,370.69","11,170.63","","-0.01%"
"11/23/2020","11,267.99","11,386.89","11,456.24","11,267.99","","-1.04%"
"11/20/2020","11,386.89","11,356.64","11,422.24","11,290.55","","0.27%"
"11/19/2020","11,356.64","11,453.15","11,457.58","11,322.68","","-0.84%"
"11/18/2020","11,453.15","11,350.80","11,478.25","11,277.18","","0.90%"
"11/17/2020","11,350.80","11,427.73","11,521.50","11,284.67","","-0.67%"
"11/16/2020","11,427.73","11,346.61","11,517.04","11,321.71","","0.71%"
"11/13/2020","11,346.61","11,378.28","11,406.72","11,318.06","","-0.28%"
"11/12/2020","11,378.28","11,337.86","11,439.76","11,291.26","","0.36%"
"11/11/2020","11,337.86","11,143.77","11,352.71","11,053.11","","1.74%"
"11/10/2020","11,143.77","11,171.30","11,229.24","11,067.90","","-0.25%"
"11/09/2020","11,171.30","10,877.34","11,312.18","10,877.34","","2.70%"
"11/06/2020","10,877.34","10,857.88","10,974.76","10,759.09","","0.18%"
"11/05/2020","10,857.88","10,751.93","10,923.26","10,722.11","","0.99%"
"11/04/2020","10,751.93","10,473.02","10,753.14","10,326.41","","2.66%"
"11/03/2020","10,473.02","10,215.41","10,473.02","10,215.41","","2.52%"
"11/02/2020","10,215.41","10,278.98","10,302.44","10,202.07","","-0.62%"
"10/30/2020","10,278.98","10,283.36","10,312.48","10,169.13","","-0.04%"
"10/29/2020","10,283.36","10,300.17","10,350.53","10,239.67","","-0.16%"
"10/28/2020","10,300.17","10,565.87","10,565.87","10,198.95","","-2.51%"
"10/27/2020","10,565.87","10,697.76","10,702.42","10,535.06","","-1.23%"
"10/26/2020","10,697.76","10,848.05","10,856.51","10,678.08","","-1.39%"
"10/23/2020","10,848.05","10,803.28","10,880.16","10,765.20","","0.41%"
"10/22/2020","10,803.28","10,723.35","10,831.69","10,629.54","","0.75%"
"10/21/2020","10,723.35","10,925.46","10,951.99","10,718.81","","-1.85%"
"10/20/2020","10,925.46","11,000.75","11,002.80","10,925.46","","-0.68%"
"10/19/2020","11,000.75","10,977.59","11,038.58","10,961.48","","0.21%"
"10/16/2020","10,977.59","10,865.92","11,051.76","10,865.92","","1.03%"
"10/15/2020","10,865.92","11,018.22","11,018.22","10,757.90","","-1.38%"
"10/14/2020","11,018.22","11,059.10","11,142.11","11,006.31","","-0.37%"
"10/13/2020","11,059.10","11,217.59","11,257.87","11,028.54","","-1.41%"
"10/12/2020","11,217.59","11,154.77","11,284.97","11,147.66","","0.56%"
"10/09/2020","11,154.77","11,061.09","11,185.61","11,047.99","","0.85%"
"10/08/2020","11,061.09","11,088.21","11,146.50","11,047.01","","-0.24%"
"10/07/2020","11,088.21","11,184.61","11,209.35","11,086.73","","-0.86%"
"10/06/2020","11,184.61","11,253.62","11,270.86","11,143.28","","-0.61%"
"10/05/2020","11,253.62","11,146.21","11,266.61","11,146.21","","0.96%"
"10/02/2020","11,146.21","11,042.69","11,146.21","10,935.06","","0.94%"
"10/01/2020","11,042.69","10,849.41","11,062.52","10,849.41","","1.78%"
"09/30/2020","10,849.41","10,816.88","10,909.87","10,749.69","","0.30%"
"09/29/2020","10,816.88","10,881.11","10,910.55","10,779.13","","-0.59%"
"09/28/2020","10,881.11","10,602.94","10,922.01","10,602.94","","2.62%"
"09/25/2020","10,602.94","10,540.10","10,607.38","10,436.02","","0.60%"
"09/24/2020","10,540.10","10,760.18","10,760.18","10,508.63","","-2.05%"
"09/23/2020","10,760.18","10,607.29","10,848.39","10,607.29","","1.44%"
"09/22/2020","10,607.29","10,677.06","10,730.19","10,607.29","","-0.65%"
"09/21/2020","10,677.06","11,120.97","11,120.97","10,652.09","","-3.99%"
"09/18/2020","11,120.97","10,975.39","11,142.95","10,962.57","","1.33%"
"09/17/2020","10,975.39","11,068.23","11,078.61","10,959.34","","-0.84%"
"09/16/2020","11,068.23","11,106.14","11,136.94","11,017.17","","-0.34%"
"09/15/2020","11,106.14","10,959.84","11,128.32","10,899.55","","1.33%"
"09/14/2020","10,959.84","11,011.79","11,070.71","10,932.94","","-0.47%"
"09/11/2020","11,011.79","10,957.96","11,083.85","10,937.42","","0.49%"
"09/10/2020","10,957.96","10,997.04","11,071.07","10,878.47","","-0.36%"
"09/09/2020","10,997.04","10,885.87","11,054.79","10,858.03","","1.02%"
"09/08/2020","10,885.87","10,861.78","10,944.84","10,720.40","","0.22%"
"09/07/2020","10,861.78","10,577.19","10,881.76","10,577.19","","2.69%"
"09/04/2020","10,577.19","10,717.87","10,796.82","10,534.18","","-1.31%"
"09/03/2020","10,717.87","11,000.62","11,093.73","10,717.87","","-2.57%"
"09/02/2020","11,000.62","10,921.19","11,080.86","10,883.73","","0.73%"
"09/01/2020","10,921.19","11,117.95","11,159.35","10,875.41","","-1.77%"
"08/28/2020","11,117.95","11,143.09","11,199.19","11,078.45","","-0.23%"
"08/27/2020","11,143.09","11,189.64","11,251.24","11,143.09","","-0.42%"
"08/26/2020","11,189.64","11,101.84","11,189.64","11,039.71","","0.79%"
"08/25/2020","11,101.84","11,147.33","11,211.19","11,084.90","","-0.41%"
"08/24/2020","11,147.33","11,063.74","11,223.33","11,061.59","","0.76%"
"08/21/2020","11,063.74","11,074.02","11,113.11","10,969.54","","-0.09%"
"08/20/2020","11,074.02","11,281.00","11,281.00","11,022.47","","-1.83%"
"08/19/2020","11,281.00","11,185.50","11,281.76","11,127.51","","0.85%"
"08/18/2020","11,185.50","11,268.63","11,345.70","11,137.78","","-0.74%"
"08/17/2020","11,268.63","11,219.37","11,298.90","11,149.17","","0.44%"
"08/14/2020","11,219.37","11,350.48","11,356.92","11,106.57","","-1.16%"
"08/13/2020","11,350.48","11,472.38","11,478.94","11,350.48","","-1.06%"
"08/12/2020","11,472.38","11,228.09","11,476.42","11,184.76","","2.18%"
"08/11/2020","11,228.09","11,050.05","11,288.62","11,050.05","","1.61%"
"08/10/2020","11,050.05","11,155.01","11,228.98","11,050.05","","-0.94%"
"08/07/2020","11,155.01","11,097.53","11,161.89","11,072.04","","0.52%"
"08/06/2020","11,097.53","11,180.77","11,181.96","11,003.93","","-0.74%"
"08/05/2020","11,180.77","10,977.93","11,180.77","10,977.36","","1.85%"
"08/04/2020","10,977.93","11,101.39","11,172.85","10,939.52","","-1.11%"
"08/03/2020","11,101.39","10,849.48","11,128.41","10,789.20","","2.32%"
"07/31/2020","10,849.48","10,764.45","11,003.42","10,764.45","","0.79%"
"07/30/2020","10,764.45","10,968.53","11,012.24","10,674.45","","-1.86%"
"07/29/2020","10,968.53","10,877.40","11,001.13","10,856.01","","0.84%"
"07/28/2020","10,877.40","10,911.53","11,026.67","10,836.48","","-0.31%"
"07/27/2020","10,911.53","10,914.94","10,970.92","10,870.34","","-0.03%"
"07/24/2020","10,914.94","11,010.33","11,010.33","10,817.41","","-0.87%"
"07/23/2020","11,010.33","11,135.54","11,170.21","11,005.88","","-1.12%"
"07/22/2020","11,135.54","11,097.95","11,196.75","11,062.39","","0.34%"
"07/21/2020","11,097.95","10,980.44","11,188.07","10,980.44","","1.07%"
"07/20/2020","10,980.44","10,922.81","10,998.24","10,819.53","","0.53%"
"07/17/2020","10,922.81","10,861.33","10,930.62","10,775.79","","0.57%"
"07/16/2020","10,861.33","10,887.23","10,890.36","10,764.27","","-0.24%"
"07/15/2020","10,887.23","10,762.63","10,987.11","10,761.57","","1.16%"
"07/14/2020","10,762.63","10,885.50","10,885.50","10,660.51","","-1.13%"
"07/13/2020","10,885.50","10,763.74","10,923.75","10,763.74","","1.13%"
"07/10/2020","10,763.74","10,721.20","10,844.02","10,649.53","","0.40%"
"07/09/2020","10,721.20","10,846.82","10,971.60","10,721.20","","-1.16%"
"07/08/2020","10,846.82","10,858.52","10,953.28","10,784.52","","-0.11%"
"07/07/2020","10,858.52","11,024.40","11,024.40","10,825.03","","-1.50%"
"07/06/2020","11,024.40","10,851.84","11,074.86","10,851.84","","1.59%"
"07/03/2020","10,851.84","10,868.38","10,980.65","10,807.52","","-0.15%"
"07/02/2020","10,868.38","10,706.25","10,892.96","10,706.25","","1.51%"
"07/01/2020","10,706.25","10,816.89","10,838.43","10,585.66","","-1.02%"
"06/30/2020","10,816.89","10,855.15","10,932.46","10,768.39","","-0.35%"
"06/29/2020","10,855.15","10,788.83","10,920.45","10,709.37","","0.61%"
"06/26/2020","10,788.83","10,741.37","10,949.57","10,741.37","","0.44%"
"06/25/2020","10,741.37","10,505.19","10,747.86","10,355.87","","2.25%"
"06/24/2020","10,505.19","10,918.66","10,918.66","10,505.19","","-3.79%"
"06/23/2020","10,918.66","10,672.56","10,918.66","10,672.56","","2.31%"
"06/22/2020","10,672.56","10,784.66","10,839.82","10,646.09","","-1.04%"
"06/19/2020","10,784.66","10,631.62","10,795.27","10,631.62","","1.44%"
"06/18/2020","10,631.62","10,679.38","10,708.17","10,544.29","","-0.45%"
"06/17/2020","10,679.38","10,677.00","10,794.07","10,650.70","","0.02%"
"06/16/2020","10,677.00","10,494.53","10,831.18","10,494.53","","1.74%"
"06/15/2020","10,494.53","10,448.32","10,516.05","10,237.25","","0.44%"
"06/12/2020","10,448.32","10,519.61","10,641.25","10,336.81","","-0.68%"
"06/11/2020","10,519.61","10,801.27","10,801.27","10,485.67","","-2.61%"
"06/10/2020","10,801.27","10,734.91","10,963.96","10,727.61","","0.62%"
"06/09/2020","10,734.91","11,004.23","11,006.97","10,714.13","","-2.45%"
"06/08/2020","11,004.23","11,122.36","11,123.60","10,941.80","","-1.06%"
"06/05/2020","11,122.36","10,922.55","11,130.24","10,922.55","","1.83%"
"06/04/2020","10,922.55","11,023.59","11,023.59","10,869.38","","-0.92%"
"06/03/2020","11,023.59","10,741.83","11,032.34","10,741.83","","2.62%"
"06/02/2020","10,741.83","10,715.60","10,818.59","10,691.64","","0.24%"
"06/01/2020","10,715.60","10,645.82","10,799.32","10,645.82","","0.66%"
"05/29/2020","10,645.82","10,860.61","10,864.06","10,602.85","","-1.98%"
"05/28/2020","10,860.61","10,729.13","10,947.52","10,729.13","","1.23%"
"05/27/2020","10,729.13","10,648.82","10,832.60","10,593.33","","0.75%"
"05/26/2020","10,648.82","10,458.72","10,705.19","10,458.72","","1.82%"
"05/22/2020","10,458.72","10,411.18","10,496.93","10,175.69","","0.46%"
"05/21/2020","10,411.18","10,442.49","10,511.45","10,314.45","","-0.30%"
"05/20/2020","10,442.49","10,416.75","10,470.05","10,322.91","","0.25%"
"05/19/2020","10,416.75","10,321.53","10,459.57","10,295.83","","0.92%"
"05/18/2020","10,321.53","9,941.26","10,342.61","9,940.62","","3.83%"
"05/15/2020","9,941.26","9,857.78","10,027.84","9,857.17","","0.85%"
"05/14/2020","9,857.78","10,016.67","10,049.05","9,778.02","","-1.59%"
"05/13/2020","10,016.67","10,183.65","10,187.43","10,000.55","","-1.64%"
"05/12/2020","10,183.65","10,058.51","10,283.69","10,032.89","","1.24%"
"05/11/2020","10,058.51","10,049.87","10,162.74","9,934.55","","0.09%"
"05/07/2020","10,049.87","9,827.32","10,049.87","9,822.42","","2.26%"
"05/06/2020","9,827.32","9,810.05","9,907.87","9,777.26","","0.18%"
"05/05/2020","9,810.05","9,658.99","9,877.43","9,658.99","","1.56%"
"05/04/2020","9,658.99","9,680.54","9,720.54","9,473.34","","-0.22%"
"05/01/2020","9,680.54","9,822.76","9,828.92","9,644.74","","-1.45%"
"04/30/2020","9,822.76","10,251.29","10,362.74","9,817.05","","-4.18%"
"04/29/2020","10,251.29","9,886.86","10,271.10","9,876.33","","3.69%"
"04/28/2020","9,886.86","9,659.43","9,953.42","9,659.43","","2.35%"
"04/27/2020","9,659.43","9,498.16","9,730.39","9,498.16","","1.70%"
"04/24/2020","9,498.16","9,552.11","9,569.59","9,407.37","","-0.56%"
"04/23/2020","9,552.11","9,514.43","9,619.25","9,432.61","","0.40%"
"04/22/2020","9,514.43","9,266.81","9,587.78","9,259.58","","2.67%"
"04/21/2020","9,266.81","9,601.00","9,607.46","9,266.81","","-3.48%"
"04/20/2020","9,601.00","9,567.39","9,647.02","9,491.41","","0.35%"
"04/17/2020","9,567.39","9,229.45","9,682.80","9,229.45","","3.66%"
"04/16/2020","9,229.45","9,181.47","9,299.52","9,090.93","","0.52%"
"04/15/2020","9,181.47","9,545.71","9,545.71","9,151.42","","-3.82%"
"04/14/2020","9,545.71","9,672.58","9,781.33","9,528.54","","-1.31%"
"04/09/2020","9,672.58","9,380.32","9,672.58","9,320.81","","3.12%"
"04/08/2020","9,380.32","9,317.87","9,380.32","9,107.43","","0.67%"
"04/07/2020","9,317.87","8,952.15","9,483.97","8,952.15","","4.09%"
"04/06/2020","8,952.15","8,706.69","9,089.10","8,706.69","","2.82%"
"04/03/2020","8,706.69","8,635.30","8,783.18","8,487.56","","0.83%"
"04/02/2020","8,635.30","8,877.38","8,917.98","8,525.39","","-2.73%"
"04/01/2020","8,877.38","9,340.44","9,340.44","8,822.32","","-4.96%"
"03/31/2020","9,340.44","9,219.64","9,461.56","9,177.25","","1.31%"
"03/30/2020","9,219.64","9,203.46","9,235.75","8,752.57","","0.18%"
"03/27/2020","9,203.46","9,733.61","9,733.61","8,995.31","","-5.45%"
"03/26/2020","9,733.61","9,377.00","9,733.61","9,057.67","","3.80%"
"03/25/2020","9,377.00","8,802.39","9,506.56","8,802.39","","6.53%"
"03/24/2020","8,802.39","7,868.97","8,802.39","7,868.28","","11.86%"
"03/23/2020","7,868.97","8,182.22","8,182.22","7,624.64","","-3.83%"
"03/20/2020","8,182.22","7,980.94","8,544.44","7,980.94","","2.52%"
"03/19/2020","7,980.94","7,907.93","8,101.91","7,567.84","","0.92%"
"03/18/2020","7,907.93","8,386.21","8,386.21","7,528.32","","-5.70%"
"03/17/2020","8,386.21","8,483.79","8,786.23","7,998.95","","-1.15%"
"03/16/2020","8,483.79","9,219.32","9,223.06","7,911.91","","-7.98%"
"03/13/2020","9,219.32","8,957.83","9,751.48","8,957.83","","2.92%"
"03/12/2020","8,957.83","10,141.92","10,141.92","8,921.90","","-11.68%"
"03/11/2020","10,141.92","10,264.12","10,486.14","10,086.70","","-1.19%"
"03/10/2020","10,264.12","10,273.78","10,688.73","10,213.50","","-0.09%"
"03/09/2020","10,273.78","11,157.96","11,157.96","10,150.15","","-7.92%"
"03/06/2020","11,157.96","11,667.25","11,667.25","11,057.00","","-4.37%"
"03/05/2020","11,667.25","11,964.70","12,098.54","11,592.51","","-2.49%"
"03/04/2020","11,964.70","11,900.80","12,094.95","11,840.55","","0.54%"
"03/03/2020","11,900.80","11,709.09","12,087.62","11,709.09","","1.64%"
"03/02/2020","11,709.09","11,654.80","12,030.39","11,456.62","","0.47%"
"02/28/2020","11,654.80","12,042.57","12,042.57","11,464.85","","-3.22%"
"02/27/2020","12,042.57","12,579.32","12,579.32","11,910.03","","-4.27%"
"02/26/2020","12,579.32","12,588.00","12,589.61","12,104.53","","-0.07%"
"02/25/2020","12,588.00","12,856.87","12,985.37","12,564.38","","-2.09%"
"02/24/2020","12,856.87","13,307.30","13,307.30","12,743.07","","-3.38%"
"02/21/2020","13,307.30","13,320.92","13,419.96","13,232.01","","-0.10%"
"02/20/2020","13,320.92","13,402.36","13,463.95","13,320.92","","-0.61%"
"02/19/2020","13,402.36","13,178.14","13,402.36","13,178.14","","1.70%"
"02/18/2020","13,178.14","13,233.74","13,235.67","13,099.21","","-0.42%"
"02/17/2020","13,233.74","13,164.46","13,290.59","13,164.46","","0.53%"
"02/14/2020","13,164.46","13,132.05","13,191.64","13,099.36","","0.25%"
"02/13/2020","13,132.05","13,198.59","13,198.59","12,990.64","","-0.50%"
"02/12/2020","13,198.59","13,129.64","13,198.59","13,102.76","","0.53%"
"02/11/2020","13,129.64","13,015.56","13,156.62","13,015.56","","0.88%"
"02/10/2020","13,015.56","13,013.07","13,060.34","12,936.44","","0.02%"
"02/07/2020","13,013.07","13,052.24","13,089.47","12,965.94","","-0.30%"
"02/06/2020","13,052.24","13,083.10","13,223.63","13,037.87","","-0.24%"
"02/05/2020","13,083.10","13,008.23","13,121.98","12,941.14","","0.58%"
"02/04/2020","13,008.23","12,830.95","13,051.88","12,827.03","","1.38%"
"02/03/2020","12,830.95","12,699.21","12,910.36","12,696.64","","1.04%"
"01/31/2020","12,699.21","12,843.71","12,928.83","12,681.82","","-1.13%"
"01/30/2020","12,843.71","12,917.27","12,938.83","12,774.45","","-0.57%"
"01/29/2020","12,917.27","12,752.20","12,924.05","12,752.20","","1.29%"
"01/28/2020","12,752.20","12,633.79","12,784.29","12,603.79","","0.94%"
"01/27/2020","12,633.79","12,982.93","12,982.93","12,628.21","","-2.69%"
"01/24/2020","12,982.93","12,829.37","13,128.60","12,819.74","","1.20%"
"01/23/2020","12,829.37","12,978.08","12,996.63","12,819.73","","-1.15%"
"01/22/2020","12,978.08","12,839.73","12,978.08","12,820.96","","1.08%"
"01/21/2020","12,839.73","12,748.65","12,839.73","12,619.42","","0.71%"
"01/20/2020","12,748.65","12,758.46","12,784.80","12,721.50","","-0.08%"
"01/17/2020","12,758.46","12,642.70","12,780.49","12,640.60","","0.92%"
"01/16/2020","12,642.70","12,670.52","12,733.63","12,582.41","","-0.22%"
"01/15/2020","12,670.52","12,660.63","12,694.23","12,622.89","","0.08%"
"01/14/2020","12,660.63","12,663.00","12,701.45","12,607.37","","-0.02%"
"01/13/2020","12,663.00","12,681.89","12,782.88","12,647.05","","-0.15%"
"01/10/2020","12,681.89","12,799.82","12,845.47","12,681.89","","-0.92%"
"01/09/2020","12,799.82","12,686.83","12,822.39","12,686.83","","0.89%"
"01/08/2020","12,686.83","12,668.92","12,686.83","12,507.38","","0.14%"
"01/07/2020","12,668.92","12,726.82","12,778.33","12,634.81","","-0.45%"
"01/06/2020","12,726.82","12,939.58","12,943.32","12,642.38","","-1.64%"
"01/03/2020","12,939.58","13,035.43","13,035.43","12,803.99","","-0.74%"
"01/02/2020","13,035.43","12,882.20","13,072.61","12,882.20","","1.19%"
"12/31/2019","12,882.20","12,925.20","12,951.78","12,854.85","","-0.33%"
"12/30/2019","12,925.20","12,986.64","12,986.64","12,918.53","","-0.47%"
"12/27/2019","12,986.64","12,938.27","13,011.23","12,938.27","","0.37%"
"12/24/2019","12,938.27","12,905.85","12,938.27","12,886.29","","0.25%"
"12/23/2019","12,905.85","12,800.50","12,959.55","12,786.10","","0.82%"
"12/20/2019","12,800.50","12,736.34","12,847.90","12,721.38","","0.50%"
"12/19/2019","12,736.34","12,716.56","12,753.67","12,657.91","","0.16%"
"12/18/2019","12,716.56","12,720.58","12,745.47","12,665.48","","-0.03%"
"12/17/2019","12,720.58","12,785.43","12,807.30","12,638.91","","-0.51%"
"12/16/2019","12,785.43","12,449.18","12,837.98","12,449.18","","2.70%"
"12/13/2019","12,449.18","12,053.27","12,588.38","12,053.27","","3.28%"
"12/12/2019","12,053.27","11,927.15","12,068.39","11,864.72","","1.06%"
"12/11/2019","11,927.15","11,942.24","11,969.31","11,796.83","","-0.13%"
"12/10/2019","11,942.24","12,016.56","12,016.56","11,847.82","","-0.62%"
"12/09/2019","12,016.56","11,996.72","12,038.62","11,944.22","","0.17%"
"12/06/2019","11,996.72","11,879.53","12,013.37","11,877.67","","0.99%"
"12/05/2019","11,879.53","11,927.14","11,932.98","11,829.96","","-0.40%"
"12/04/2019","11,927.14","11,756.82","11,927.14","11,744.77","","1.45%"
"12/03/2019","11,756.82","11,930.62","11,967.04","11,704.80","","-1.46%"
"12/02/2019","11,930.62","12,061.26","12,104.93","11,900.15","","-1.08%"
"11/29/2019","12,061.26","12,180.63","12,182.16","12,061.26","","-0.98%"
"11/28/2019","12,180.63","12,218.99","12,223.37","12,135.43","","-0.31%"
"11/27/2019","12,218.99","12,130.68","12,231.12","12,081.91","","0.73%"
"11/26/2019","12,130.68","11,962.86","12,143.80","11,962.86","","1.40%"
"11/25/2019","11,962.86","11,811.72","11,981.84","11,811.72","","1.28%"
"11/22/2019","11,811.72","11,716.92","11,837.42","11,710.85","","0.81%"
"11/21/2019","11,716.92","11,815.84","11,816.44","11,617.25","","-0.84%"
"11/20/2019","11,815.84","11,943.74","11,943.74","11,733.62","","-1.07%"
"11/19/2019","11,943.74","11,829.70","12,101.76","11,829.70","","0.96%"
"11/18/2019","11,829.70","11,830.31","11,952.17","11,805.14","","-0.01%"
"11/15/2019","11,830.31","11,833.52","11,904.39","11,712.38","","-0.03%"
"11/14/2019","11,833.52","11,943.94","11,944.73","11,770.25","","-0.92%"
"11/13/2019","11,943.94","12,066.03","12,066.03","11,891.86","","-1.01%"
"11/12/2019","12,066.03","11,958.33","12,112.50","11,918.63","","0.90%"
"11/11/2019","11,958.33","11,930.35","11,958.33","11,780.55","","0.23%"
"11/08/2019","11,930.35","11,948.62","11,976.97","11,861.00","","-0.15%"
"11/07/2019","11,948.62","11,975.08","12,055.54","11,937.82","","-0.22%"
"11/06/2019","11,975.08","12,028.32","12,041.36","11,914.58","","-0.44%"
"11/05/2019","12,028.32","11,990.37","12,080.97","11,970.44","","0.32%"
"11/04/2019","11,990.37","11,899.81","12,047.33","11,899.81","","0.76%"
"11/01/2019","11,899.81","11,796.41","11,942.18","11,796.41","","0.88%"
"10/31/2019","11,796.41","11,923.83","11,969.36","11,796.41","","-1.07%"
"10/30/2019","11,923.83","11,948.16","11,955.87","11,851.83","","-0.20%"
"10/29/2019","11,948.16","11,923.47","11,948.16","11,821.25","","0.21%"
"10/28/2019","11,923.47","11,739.27","11,947.60","11,729.33","","1.57%"
"10/25/2019","11,739.27","11,893.43","11,907.19","11,703.80","","-1.30%"
"10/24/2019","11,893.43","11,743.13","11,932.18","11,743.13","","1.28%"
"10/23/2019","11,743.13","11,771.23","11,771.23","11,649.24","","-0.24%"
"10/22/2019","11,771.23","11,745.30","11,771.23","11,669.01","","0.22%"
"10/21/2019","11,745.30","11,679.95","11,805.19","11,667.06","","0.56%"
"10/18/2019","11,679.95","11,697.79","11,817.29","11,662.40","","-0.15%"
"10/17/2019","11,697.79","11,646.40","11,774.17","11,553.60","","0.44%"
"10/16/2019","11,646.40","11,804.37","11,807.28","11,598.49","","-1.34%"
"10/15/2019","11,804.37","11,680.32","11,878.35","11,661.13","","1.06%"
"10/14/2019","11,680.32","11,812.31","11,814.20","11,634.65","","-1.12%"
"10/11/2019","11,812.31","11,440.66","11,815.87","11,393.34","","3.25%"
"10/10/2019","11,440.66","11,411.25","11,478.73","11,312.99","","0.26%"
"10/09/2019","11,411.25","11,320.29","11,423.75","11,312.20","","0.80%"
"10/08/2019","11,320.29","11,621.91","11,676.26","11,320.29","","-2.60%"
"10/07/2019","11,621.91","11,635.97","11,685.47","11,540.01","","-0.12%"
"10/04/2019","11,635.97","11,483.58","11,635.97","11,475.44","","1.33%"
"10/03/2019","11,483.58","11,491.06","11,553.94","11,339.26","","-0.07%"
"10/02/2019","11,491.06","11,944.25","11,945.27","11,479.54","","-3.79%"
"10/01/2019","11,944.25","12,103.76","12,157.70","11,933.51","","-1.32%"
"09/30/2019","12,103.76","12,172.42","12,200.99","12,103.76","","-0.56%"
"09/27/2019","12,172.42","12,005.60","12,172.42","12,005.60","","1.39%"
"09/26/2019","12,005.60","11,854.37","12,038.18","11,824.68","","1.28%"
"09/25/2019","11,854.37","11,941.65","11,941.65","11,703.42","","-0.73%"
"09/24/2019","11,941.65","11,993.87","12,026.53","11,928.74","","-0.44%"
"09/23/2019","11,993.87","12,004.30","12,011.63","11,855.36","","-0.09%"
"09/20/2019","12,004.30","12,064.41","12,085.30","11,968.56","","-0.50%"
"09/19/2019","12,064.41","11,951.03","12,066.81","11,938.54","","0.95%"
"09/18/2019","11,951.03","12,039.36","12,049.49","11,951.03","","-0.73%"
"09/17/2019","12,039.36","12,034.44","12,039.36","11,946.11","","0.04%"
"09/16/2019","12,034.44","12,161.62","12,161.62","11,917.43","","-1.05%"
"09/13/2019","12,161.62","11,886.63","12,165.30","11,874.50","","2.31%"
"09/12/2019","11,886.63","11,884.80","11,935.71","11,823.14","","0.02%"
"09/11/2019","11,884.80","11,574.00","12,311.19","11,574.00","","2.69%"
"09/10/2019","11,574.00","11,647.17","11,666.10","11,453.30","","-0.63%"
"09/09/2019","11,647.17","11,714.52","11,818.64","11,631.12","","-0.57%"
"09/06/2019","11,714.52","11,627.39","11,735.24","11,623.36","","0.75%"
"09/05/2019","11,627.39","11,491.35","11,627.39","11,490.35","","1.18%"
"09/04/2019","11,491.35","11,363.98","11,509.00","11,363.98","","1.12%"
"09/03/2019","11,363.98","11,374.39","11,396.50","11,288.35","","-0.09%"
"09/02/2019","11,374.39","11,257.48","11,397.26","11,245.76","","1.04%"
"08/30/2019","11,257.48","11,249.24","11,336.60","11,207.78","","0.07%"
"08/29/2019","11,249.24","11,153.60","11,249.24","11,112.27","","0.86%"
"08/28/2019","11,153.60","11,248.61","11,256.83","11,085.71","","-0.84%"
"08/27/2019","11,248.61","11,175.64","11,262.85","11,147.19","","0.65%"
"08/23/2019","11,175.64","11,223.21","11,338.12","11,175.64","","-0.42%"
"08/22/2019","11,223.21","11,291.09","11,291.09","11,149.09","","-0.60%"
"08/21/2019","11,291.09","11,213.09","11,341.51","11,211.45","","0.70%"
"08/20/2019","11,213.09","11,254.53","11,375.60","11,207.37","","-0.37%"
"08/19/2019","11,254.53","11,157.99","11,327.78","11,150.11","","0.87%"
"08/16/2019","11,157.99","10,979.42","11,157.99","10,979.42","","1.63%"
"08/15/2019","10,979.42","11,046.02","11,081.84","10,895.39","","-0.60%"
"08/14/2019","11,046.02","11,185.25","11,253.12","10,994.71","","-1.24%"
"08/13/2019","11,185.25","11,191.68","11,211.15","11,056.10","","-0.06%"
"08/12/2019","11,191.68","11,366.80","11,505.21","11,191.68","","-1.54%"
"08/09/2019","11,366.80","11,394.46","11,423.29","11,349.89","","-0.24%"
"08/08/2019","11,394.46","11,232.26","11,394.46","11,232.26","","1.44%"
"08/07/2019","11,232.26","11,212.09","11,275.72","11,145.76","","0.18%"
"08/06/2019","11,212.09","11,268.31","11,329.39","11,205.76","","-0.50%"
"08/05/2019","11,268.31","11,624.42","11,624.42","11,253.95","","-3.06%"
"08/02/2019","11,624.42","11,975.25","11,975.25","11,536.54","","-2.93%"
"08/01/2019","11,975.25","11,761.92","12,053.28","11,713.11","","1.81%"
"07/31/2019","11,761.92","11,808.67","11,820.67","11,736.40","","-0.40%"
"07/30/2019","11,808.67","11,859.33","11,907.36","11,807.46","","-0.43%"
"07/29/2019","11,859.33","11,363.43","11,924.56","11,350.34","","4.36%"
"07/26/2019","11,363.43","11,357.67","11,391.56","11,327.57","","0.05%"
"07/25/2019","11,357.67","11,459.92","11,516.56","11,285.60","","-0.89%"
"07/24/2019","11,459.92","11,406.05","11,494.69","11,406.05","","0.47%"
"07/23/2019","11,406.05","11,392.78","11,498.86","11,389.49","","0.12%"
"07/22/2019","11,392.78","11,397.55","11,447.48","11,342.21","","-0.04%"
"07/19/2019","11,397.55","11,384.05","11,461.35","11,341.41","","0.12%"
"07/18/2019","11,384.05","11,435.36","11,435.36","11,336.24","","-0.45%"
"07/17/2019","11,435.36","11,458.94","11,496.29","11,405.13","","-0.21%"
"07/16/2019","11,458.94","11,364.74","11,487.13","11,359.45","","0.83%"
"07/15/2019","11,364.74","11,346.48","11,395.85","11,325.34","","0.16%"
"07/12/2019","11,346.48","11,309.74","11,378.07","11,304.28","","0.32%"
"07/11/2019","11,309.74","11,295.53","11,333.24","11,279.25","","0.13%"
"07/10/2019","11,295.53","11,282.19","11,335.99","11,263.35","","0.12%"
"07/09/2019","11,282.19","11,390.61","11,392.55","11,254.20","","-0.95%"
"07/08/2019","11,390.61","11,425.23","11,461.54","11,359.31","","-0.30%"
"07/05/2019","11,425.23","11,538.82","11,570.56","11,404.58","","-0.98%"
"07/04/2019","11,538.82","11,486.88","11,554.87","11,476.23","","0.45%"
"07/03/2019","11,486.88","11,357.54","11,486.88","11,357.18","","1.14%"
"07/02/2019","11,357.54","11,300.53","11,363.78","11,282.33","","0.50%"
"07/01/2019","11,300.53","11,144.78","11,311.01","11,144.78","","1.40%"
"06/28/2019","11,144.78","11,069.11","11,163.37","11,069.11","","0.68%"
"06/27/2019","11,069.11","11,073.09","11,130.01","11,032.50","","-0.04%"
"06/26/2019","11,073.09","11,107.42","11,129.94","11,060.59","","-0.31%"
"06/25/2019","11,107.42","11,036.49","11,112.07","10,996.16","","0.64%"
"06/24/2019","11,036.49","11,024.62","11,078.09","10,994.56","","0.11%"
"06/21/2019","11,024.62","11,008.19","11,047.86","10,973.62","","0.15%"
"06/20/2019","11,008.19","10,914.81","11,077.39","10,914.81","","0.86%"
"06/19/2019","10,914.81","10,886.49","10,960.43","10,882.22","","0.26%"
"06/18/2019","10,886.49","10,776.87","10,914.49","10,727.00","","1.02%"
"06/17/2019","10,776.87","10,735.96","10,822.21","10,735.96","","0.38%"
"06/14/2019","10,735.96","10,747.50","10,758.85","10,672.07","","-0.11%"
"06/13/2019","10,747.50","10,854.98","10,859.52","10,723.75","","-0.99%"
"06/12/2019","10,854.98","10,910.40","10,911.84","10,790.89","","-0.51%"
"06/11/2019","10,910.40","10,895.51","10,980.09","10,888.48","","0.14%"
"06/10/2019","10,895.51","10,844.45","10,906.16","10,797.32","","0.47%"
"06/07/2019","10,844.45","10,745.42","10,862.01","10,730.68","","0.92%"
"06/06/2019","10,745.42","10,808.51","10,866.09","10,694.40","","-0.58%"
"06/05/2019","10,808.51","10,826.52","10,889.59","10,768.11","","-0.17%"
"06/04/2019","10,826.52","10,710.40","10,837.52","10,592.61","","1.08%"
"06/03/2019","10,710.40","10,822.50","10,822.50","10,678.73","","-1.04%"
"05/31/2019","10,822.50","10,881.94","10,883.41","10,724.29","","-0.55%"
"05/30/2019","10,881.94","10,693.16","10,927.73","10,693.16","","1.77%"
"05/29/2019","10,693.16","10,842.23","10,842.23","10,681.62","","-1.37%"
"05/28/2019","10,842.23","10,821.45","10,850.40","10,778.25","","0.19%"
"05/24/2019","10,821.45","10,761.15","10,857.51","10,761.15","","0.56%"
"05/23/2019","10,761.15","10,937.89","10,948.43","10,726.89","","-1.62%"
"05/22/2019","10,937.89","10,936.01","11,036.07","10,909.53","","0.02%"
"05/21/2019","10,936.01","10,891.81","10,985.33","10,891.81","","0.41%"
"05/20/2019","10,891.81","10,991.36","11,018.81","10,874.07","","-0.91%"
"05/17/2019","10,991.36","11,052.56","11,059.55","10,932.63","","-0.55%"
"05/16/2019","11,052.56","10,843.93","11,062.94","10,827.17","","1.92%"
"05/15/2019","10,843.93","10,766.35","10,856.85","10,758.05","","0.72%"
"05/14/2019","10,766.35","10,613.84","10,766.35","10,613.84","","1.44%"
"05/13/2019","10,613.84","10,768.98","10,773.83","10,605.21","","-1.44%"
"05/10/2019","10,768.98","10,759.89","10,876.74","10,750.78","","0.08%"
"05/09/2019","10,759.89","10,916.09","10,920.88","10,735.03","","-1.43%"
"05/08/2019","10,916.09","10,854.67","10,932.75","10,805.43","","0.57%"
"05/07/2019","10,854.67","10,969.79","11,022.24","10,849.35","","-1.05%"
"05/03/2019","10,969.79","10,978.19","11,029.07","10,942.57","","-0.08%"
"05/02/2019","10,978.19","11,034.59","11,034.59","10,932.63","","-0.51%"
"05/01/2019","11,034.59","10,928.75","11,035.46","10,928.75","","0.97%"
"04/30/2019","10,928.75","11,043.59","11,076.50","10,896.19","","-1.04%"
"04/29/2019","11,043.59","10,995.64","11,059.81","10,970.51","","0.44%"
"04/26/2019","10,995.64","10,945.63","11,003.10","10,944.04","","0.46%"
"04/25/2019","10,945.63","10,968.50","10,995.89","10,902.61","","-0.21%"
"04/24/2019","10,968.50","10,961.32","10,987.72","10,920.33","","0.07%"
"04/23/2019","10,961.32","10,944.71","10,963.13","10,882.18","","0.15%"
"04/18/2019","10,944.71","10,933.71","10,948.86","10,828.42","","0.10%"
"04/17/2019","10,933.71","10,915.31","10,963.75","10,913.40","","0.17%"
"04/16/2019","10,915.31","10,777.58","10,915.31","10,777.31","","1.28%"
"04/15/2019","10,777.58","10,706.41","10,799.10","10,704.53","","0.66%"
"04/12/2019","10,706.41","10,635.11","10,706.41","10,521.31","","0.67%"
"04/11/2019","10,635.11","10,529.92","10,635.11","10,493.68","","1.00%"
"04/10/2019","10,529.92","10,524.72","10,573.93","10,512.67","","0.05%"
"04/09/2019","10,524.72","10,577.93","10,601.39","10,524.72","","-0.50%"
"04/08/2019","10,577.93","10,644.70","10,664.00","10,537.38","","-0.63%"
"04/05/2019","10,644.70","10,617.40","10,681.49","10,583.92","","0.26%"
"04/04/2019","10,617.40","10,576.08","10,629.92","10,509.24","","0.39%"
"04/03/2019","10,576.08","10,362.26","10,576.08","10,362.03","","2.06%"
"04/02/2019","10,362.26","10,233.59","10,362.26","10,233.59","","1.26%"
"04/01/2019","10,233.59","10,131.81","10,266.92","10,131.81","","1.00%"
"03/29/2019","10,131.81","9,978.30","10,154.68","9,978.30","","1.54%"
"03/28/2019","9,978.30","9,957.22","10,024.23","9,931.88","","0.21%"
"03/27/2019","9,957.22","9,892.28","9,990.79","9,892.28","","0.66%"
"03/26/2019","9,892.28","9,820.02","9,930.76","9,816.74","","0.74%"
"03/25/2019","9,820.02","9,910.04","9,914.74","9,808.66","","-0.91%"
"03/22/2019","9,910.04","10,097.87","10,142.06","9,890.58","","-1.86%"
"03/21/2019","10,097.87","10,142.95","10,142.95","10,011.19","","-0.44%"
"03/20/2019","10,142.95","10,327.76","10,335.08","10,142.95","","-1.79%"
"03/19/2019","10,327.76","10,301.26","10,373.31","10,282.13","","0.26%"
"03/18/2019","10,301.26","10,246.14","10,301.26","10,238.71","","0.54%"
"03/15/2019","10,246.14","10,090.52","10,258.90","10,090.52","","1.54%"
"03/14/2019","10,090.52","10,031.83","10,122.21","10,012.35","","0.59%"
"03/13/2019","10,031.83","9,992.69","10,105.08","9,968.58","","0.39%"
"03/12/2019","9,992.69","9,908.11","10,062.47","9,895.48","","0.85%"
"03/11/2019","9,908.11","9,792.88","9,926.25","9,792.88","","1.18%"
"03/08/2019","9,792.88","9,899.57","9,903.39","9,747.74","","-1.08%"
"03/07/2019","9,899.57","10,103.35","10,103.99","9,873.93","","-2.02%"
"03/06/2019","10,103.35","10,162.20","10,162.20","10,087.13","","-0.58%"
"03/05/2019","10,162.20","10,132.88","10,191.64","10,120.35","","0.29%"
"03/04/2019","10,132.88","10,135.58","10,199.48","10,129.67","","-0.03%"
"03/01/2019","10,135.58","9,945.63","10,139.41","9,904.86","","1.91%"
"02/28/2019","9,945.63","9,875.87","9,950.42","9,827.91","","0.71%"
"02/27/2019","9,875.87","9,917.71","9,917.71","9,833.28","","-0.42%"
"02/26/2019","9,917.71","9,896.39","9,957.45","9,826.83","","0.22%"
"02/25/2019","9,896.39","9,844.64","9,906.01","9,825.55","","0.53%"
"02/22/2019","9,844.64","9,814.37","9,920.32","9,809.57","","0.31%"
"02/21/2019","9,814.37","9,773.62","9,841.01","9,749.19","","0.42%"
"02/20/2019","9,773.62","9,763.12","9,802.11","9,734.69","","0.11%"
"02/19/2019","9,763.12","9,882.09","9,886.08","9,758.81","","-1.20%"
"02/18/2019","9,882.09","9,851.73","9,913.73","9,810.46","","0.31%"
"02/15/2019","9,851.73","9,855.58","9,868.31","9,770.93","","-0.04%"
"02/14/2019","9,855.58","9,936.88","9,958.08","9,848.27","","-0.82%"
"02/13/2019","9,936.88","9,829.49","9,949.33","9,829.49","","1.09%"
"02/12/2019","9,829.49","9,962.10","9,968.73","9,807.56","","-1.33%"
"02/11/2019","9,962.10","9,816.42","9,981.67","9,815.25","","1.48%"
"02/08/2019","9,816.42","9,941.39","9,942.13","9,809.03","","-1.26%"
"02/07/2019","9,941.39","10,109.04","10,114.84","9,941.39","","-1.66%"
"02/06/2019","10,109.04","10,076.06","10,119.22","10,026.43","","0.33%"
"02/05/2019","10,076.06","9,975.92","10,077.98","9,938.77","","1.00%"
"02/04/2019","9,975.92","9,932.06","9,980.51","9,920.17","","0.44%"
"02/01/2019","9,932.06","9,835.00","9,965.66","9,833.63","","0.99%"
"01/31/2019","9,835.00","9,947.58","9,962.58","9,807.22","","-1.13%"
"01/30/2019","9,947.58","9,865.47","9,989.41","9,854.68","","0.83%"
"01/29/2019","9,865.47","9,797.33","9,912.79","9,771.50","","0.70%"
"01/28/2019","9,797.33","9,841.95","9,877.85","9,786.99","","-0.45%"
"01/25/2019","9,841.95","9,870.83","9,983.11","9,841.95","","-0.29%"
"01/24/2019","9,870.83","9,838.60","9,910.10","9,820.12","","0.33%"
"01/23/2019","9,838.60","9,910.41","9,917.39","9,815.88","","-0.72%"
"01/22/2019","9,910.41","10,010.07","10,015.19","9,887.93","","-1.00%"
"01/21/2019","10,010.07","9,951.19","10,019.64","9,923.93","","0.59%"
"01/18/2019","9,951.19","9,759.46","9,965.70","9,759.46","","1.96%"
"01/17/2019","9,759.46","9,839.41","9,839.41","9,710.17","","-0.81%"
"01/16/2019","9,839.41","9,842.70","9,891.38","9,803.53","","-0.03%"
"01/15/2019","9,842.70","9,853.68","9,937.78","9,768.47","","-0.11%"
"01/14/2019","9,853.68","9,872.47","9,897.02","9,751.67","","-0.19%"
"01/11/2019","9,872.47","9,818.09","9,915.93","9,817.33","","0.55%"
"01/10/2019","9,818.09","9,743.40","9,838.90","9,703.70","","0.77%"
"01/09/2019","9,743.40","9,673.08","9,798.39","9,673.08","","0.73%"
"01/08/2019","9,673.08","9,641.44","9,739.15","9,631.51","","0.33%"
"01/07/2019","9,641.44","9,608.46","9,678.05","9,600.48","","0.34%"
"01/04/2019","9,608.46","9,298.39","9,608.46","9,298.39","","3.33%"
"01/03/2019","9,298.39","9,420.64","9,426.24","9,298.39","","-1.30%"
"01/02/2019","9,420.64","9,310.55","9,425.78","9,137.42","","1.18%"
"12/31/2018","9,310.55","9,358.23","9,372.40","9,289.63","","-0.51%"
"12/28/2018","9,358.23","9,123.68","9,366.18","9,123.68","","2.57%"
"12/27/2018","9,123.68","9,111.66","9,295.70","9,052.47","","0.13%"
"12/24/2018","9,111.66","9,298.24","9,298.24","9,105.29","","-2.01%"
"12/21/2018","9,298.24","9,201.27","9,298.24","9,179.01","","1.05%"
"12/20/2018","9,201.27","9,213.06","9,255.58","8,996.47","","-0.13%"
"12/19/2018","9,213.06","9,120.48","9,234.21","9,091.32","","1.02%"
"12/18/2018","9,120.48","9,090.34","9,172.41","9,020.19","","0.33%"
"12/17/2018","9,090.34","9,188.54","9,191.62","9,042.11","","-1.07%"
"12/14/2018","9,188.54","9,251.15","9,251.15","9,111.95","","-0.68%"
"12/13/2018","9,251.15","9,303.72","9,307.05","9,225.37","","-0.57%"
"12/12/2018","9,303.72","9,067.87","9,309.42","9,027.20","","2.60%"
"12/11/2018","9,067.87","9,014.01","9,172.93","8,938.62","","0.60%"
"12/10/2018","9,014.01","9,106.55","9,148.78","9,014.01","","-1.02%"
"12/07/2018","9,106.55","9,065.61","9,237.57","9,065.61","","0.45%"
"12/06/2018","9,065.61","9,463.36","9,463.36","9,041.77","","-4.20%"
"12/05/2018","9,463.36","9,577.94","9,577.94","9,329.04","","-1.20%"
"12/04/2018","9,577.94","9,748.47","9,767.89","9,576.76","","-1.75%"
"12/03/2018","9,748.47","9,635.78","9,836.95","9,634.85","","1.17%"
"11/30/2018","9,635.78","9,792.88","9,799.25","9,616.99","","-1.60%"
"11/29/2018","9,792.88","9,781.43","9,918.29","9,781.43","","0.12%"
"11/28/2018","9,781.43","9,800.85","9,839.53","9,762.54","","-0.20%"
"11/27/2018","9,800.85","9,833.38","9,879.15","9,753.96","","-0.33%"
"11/26/2018","9,833.38","9,676.62","9,847.97","9,675.14","","1.62%"
"11/23/2018","9,676.62","9,601.77","9,679.70","9,597.31","","0.78%"
"11/22/2018","9,601.77","9,607.03","9,641.15","9,520.57","","-0.05%"
"11/21/2018","9,607.03","9,436.30","9,607.03","9,403.56","","1.81%"
"11/20/2018","9,436.30","9,456.05","9,548.82","9,318.04","","-0.21%"
"11/19/2018","9,456.05","9,460.77","9,568.76","9,450.08","","-0.05%"
"11/16/2018","9,460.77","9,445.91","9,587.61","9,445.23","","0.16%"
"11/15/2018","9,445.91","9,692.84","9,833.97","9,396.59","","-2.55%"
"11/14/2018","9,692.84","9,757.88","9,797.00","9,627.06","","-0.67%"
"11/13/2018","9,757.88","9,614.56","9,772.10","9,614.56","","1.49%"
"11/12/2018","9,614.56","9,818.88","9,924.22","9,614.56","","-2.08%"
"11/09/2018","9,818.88","9,822.51","9,851.31","9,755.21","","-0.04%"
"11/08/2018","9,822.51","9,790.02","9,866.53","9,774.19","","0.33%"
"11/07/2018","9,790.02","9,717.37","9,818.61","9,717.37","","0.75%"
"11/06/2018","9,717.37","9,752.64","9,792.16","9,697.97","","-0.36%"
"11/05/2018","9,752.64","9,901.86","9,901.86","9,745.51","","-1.51%"
"11/02/2018","9,901.86","9,810.17","10,014.68","9,810.17","","0.93%"
"11/01/2018","9,810.17","9,775.97","9,881.71","9,676.11","","0.35%"
"10/31/2018","9,775.97","9,635.74","9,849.71","9,635.74","","1.46%"
"10/30/2018","9,635.74","9,592.66","9,682.14","9,564.88","","0.45%"
"10/29/2018","9,592.66","9,458.69","9,700.43","9,458.69","","1.42%"
"10/26/2018","9,458.69","9,594.40","9,594.40","9,380.08","","-1.41%"
"10/25/2018","9,594.40","9,450.32","9,594.40","9,323.73","","1.52%"
"10/24/2018","9,450.32","9,465.72","9,576.97","9,450.32","","-0.16%"
"10/23/2018","9,465.72","9,659.21","9,659.21","9,435.45","","-2.00%"
"10/22/2018","9,659.21","9,647.72","9,799.50","9,645.41","","0.12%"
"10/19/2018","9,647.72","9,688.05","9,709.45","9,612.76","","-0.42%"
"10/18/2018","9,688.05","9,728.44","9,793.45","9,688.05","","-0.42%"
"10/17/2018","9,728.44","9,690.63","9,795.20","9,680.09","","0.39%"
"10/16/2018","9,690.63","9,545.62","9,696.70","9,524.39","","1.52%"
"10/15/2018","9,545.62","9,607.60","9,618.73","9,512.65","","-0.65%"
"10/12/2018","9,607.60","9,625.20","9,770.52","9,599.44","","-0.18%"
"10/11/2018","9,625.20","9,936.37","9,936.37","9,624.76","","-3.13%"
"10/10/2018","9,936.37","10,164.09","10,176.25","9,936.35","","-2.24%"
"10/09/2018","10,164.09","10,212.60","10,254.92","10,111.60","","-0.47%"
"10/08/2018","10,212.60","10,421.33","10,432.41","10,212.60","","-2.00%"
"10/05/2018","10,421.33","10,561.36","10,576.64","10,421.33","","-1.33%"
"10/04/2018","10,561.36","10,609.33","10,615.02","10,538.92","","-0.45%"
"10/03/2018","10,609.33","10,541.83","10,622.77","10,541.83","","0.64%"
"10/02/2018","10,541.83","10,645.44","10,645.44","10,513.30","","-0.97%"
"10/01/2018","10,645.44","10,656.86","10,715.31","10,588.17","","-0.11%"
"09/28/2018","10,656.86","10,809.84","10,809.87","10,622.57","","-1.42%"
"09/27/2018","10,809.84","10,887.77","10,889.88","10,767.21","","-0.72%"
"09/26/2018","10,887.77","10,889.99","10,908.98","10,860.07","","-0.02%"
"09/25/2018","10,889.99","10,958.13","10,979.67","10,877.60","","-0.62%"
"09/24/2018","10,958.13","11,075.00","11,092.37","10,947.33","","-1.06%"
"09/21/2018","11,075.00","11,037.87","11,130.11","11,036.32","","0.34%"
"09/20/2018","11,037.87","11,026.08","11,064.14","11,004.69","","0.11%"
"09/19/2018","11,026.08","10,969.92","11,071.54","10,965.57","","0.51%"
"09/18/2018","10,969.92","10,886.13","10,972.76","10,842.27","","0.77%"
"09/17/2018","10,886.13","10,911.54","10,931.66","10,860.36","","-0.23%"
"09/14/2018","10,911.54","10,730.36","10,914.38","10,730.36","","1.69%"
"09/13/2018","10,730.36","10,797.09","10,823.94","10,715.92","","-0.62%"
"09/12/2018","10,797.09","10,782.31","10,824.75","10,751.90","","0.14%"
"09/11/2018","10,782.31","10,778.78","10,798.12","10,706.67","","0.03%"
"09/10/2018","10,778.78","10,738.14","10,811.52","10,696.22","","0.38%"
"09/07/2018","10,738.14","10,820.73","10,839.89","10,681.31","","-0.76%"
"09/06/2018","10,820.73","10,848.93","10,902.42","10,779.49","","-0.26%"
"09/05/2018","10,848.93","10,880.38","10,927.51","10,805.90","","-0.29%"
"09/04/2018","10,880.38","10,957.94","11,014.34","10,855.91","","-0.71%"
"09/03/2018","10,957.94","10,859.19","10,967.27","10,859.19","","0.91%"
"08/31/2018","10,859.19","10,880.03","10,942.86","10,826.68","","-0.19%"
"08/30/2018","10,880.03","10,892.25","10,909.61","10,850.88","","-0.11%"
"08/29/2018","10,892.25","10,970.78","11,020.34","10,883.41","","-0.72%"
"08/28/2018","10,970.78","10,816.69","11,012.63","10,816.69","","1.42%"
"08/24/2018","10,816.69","10,799.65","10,849.52","10,777.88","","0.16%"
"08/23/2018","10,799.65","10,783.21","10,838.87","10,760.22","","0.15%"
"08/22/2018","10,783.21","10,767.11","10,824.75","10,747.21","","0.15%"
"08/21/2018","10,767.11","10,725.91","10,774.77","10,695.42","","0.38%"
"08/20/2018","10,725.91","10,682.54","10,799.94","10,679.44","","0.41%"
"08/17/2018","10,682.54","10,675.01","10,706.09","10,615.93","","0.07%"
"08/16/2018","10,675.01","10,615.05","10,700.41","10,615.05","","0.56%"
"08/15/2018","10,615.05","10,712.05","10,782.74","10,582.22","","-0.91%"
"08/14/2018","10,712.05","10,761.00","10,834.44","10,693.42","","-0.45%"
"08/13/2018","10,761.00","10,800.72","10,800.72","10,690.66","","-0.37%"
"08/10/2018","10,800.72","10,917.15","10,917.15","10,778.55","","-1.07%"
"08/09/2018","10,917.15","10,924.63","10,940.80","10,873.05","","-0.07%"
"08/08/2018","10,924.63","10,844.97","10,952.66","10,825.34","","0.73%"
"08/07/2018","10,844.97","10,772.56","10,903.17","10,727.65","","0.67%"
"08/06/2018","10,772.56","10,760.59","10,818.58","10,741.96","","0.11%"
"08/03/2018","10,760.59","10,707.58","10,823.57","10,702.19","","0.50%"
"08/02/2018","10,707.58","10,808.23","10,838.33","10,677.82","","-0.93%"
"08/01/2018","10,808.23","10,795.61","10,866.31","10,764.42","","0.12%"
"07/31/2018","10,795.61","10,779.04","10,862.95","10,772.53","","0.15%"
"07/30/2018","10,779.04","10,788.24","10,811.15","10,725.40","","-0.09%"
"07/27/2018","10,788.24","10,777.42","10,828.10","10,751.78","","0.10%"
"07/26/2018","10,777.42","10,830.83","10,848.62","10,764.99","","-0.49%"
"07/25/2018","10,830.83","10,829.63","10,896.49","10,806.88","","0.01%"
"07/24/2018","10,829.63","10,784.43","10,909.63","10,769.86","","0.42%"
"07/23/2018","10,784.43","10,858.74","10,858.74","10,764.38","","-0.68%"
"07/20/2018","10,858.74","10,901.39","10,904.87","10,814.89","","-0.39%"
"07/19/2018","10,901.39","10,916.17","10,947.07","10,878.47","","-0.14%"
"07/18/2018","10,916.17","10,791.56","10,949.38","10,791.56","","1.15%"
"07/17/2018","10,791.56","10,707.05","10,819.13","10,705.58","","0.79%"
"07/16/2018","10,707.05","10,765.04","10,765.05","10,658.65","","-0.54%"
"07/13/2018","10,765.04","10,750.57","10,828.72","10,750.57","","0.13%"
"07/12/2018","10,750.57","10,713.59","10,800.70","10,681.16","","0.35%"
"07/11/2018","10,713.59","10,826.23","10,827.13","10,678.94","","-1.04%"
"07/10/2018","10,826.23","10,951.33","10,991.51","10,807.81","","-1.14%"
"07/09/2018","10,951.33","10,851.16","10,966.21","10,850.35","","0.92%"
"07/06/2018","10,851.16","10,813.28","10,856.39","10,785.54","","0.35%"
"07/05/2018","10,813.28","10,799.95","10,877.99","10,792.15","","0.12%"
"07/04/2018","10,799.95","10,769.88","10,809.31","10,727.62","","0.28%"
"07/03/2018","10,769.88","10,711.01","10,819.95","10,705.80","","0.55%"
"07/02/2018","10,711.01","10,830.12","10,832.11","10,660.49","","-1.10%"
"06/29/2018","10,830.12","10,735.10","10,877.43","10,735.10","","0.89%"
"06/28/2018","10,735.10","10,884.08","10,884.08","10,673.87","","-1.37%"
"06/27/2018","10,884.08","10,882.12","10,907.05","10,747.55","","0.02%"
"06/26/2018","10,882.12","10,838.17","10,921.04","10,831.90","","0.41%"
"06/25/2018","10,838.17","11,050.29","11,050.29","10,833.89","","-1.92%"
"06/22/2018","11,050.29","10,935.32","11,074.36","10,935.32","","1.05%"
"06/21/2018","10,935.32","11,041.23","11,082.12","10,909.19","","-0.96%"
"06/20/2018","11,041.23","11,021.47","11,110.35","11,021.47","","0.18%"
"06/19/2018","11,021.47","11,079.81","11,079.81","10,933.77","","-0.53%"
"06/18/2018","11,079.81","11,143.62","11,153.62","11,050.43","","-0.57%"
"06/15/2018","11,143.62","11,351.16","11,351.16","11,143.62","","-1.83%"
"06/14/2018","11,351.16","11,306.11","11,377.12","11,165.79","","0.40%"
"06/13/2018","11,306.11","11,291.34","11,378.08","11,273.33","","0.13%"
"06/12/2018","11,291.34","11,320.87","11,352.32","11,266.99","","-0.26%"
"06/11/2018","11,320.87","11,196.34","11,328.28","11,196.17","","1.11%"
"06/08/2018","11,196.34","11,297.29","11,297.29","11,109.16","","-0.89%"
"06/07/2018","11,297.29","11,311.44","11,448.38","11,294.17","","-0.13%"
"06/06/2018","11,311.44","11,197.06","11,315.51","11,197.06","","1.02%"
"06/05/2018","11,197.06","11,262.40","11,271.44","11,197.06","","-0.58%"
"06/04/2018","11,262.40","11,176.14","11,262.40","11,176.14","","0.77%"
"06/01/2018","11,176.14","11,086.55","11,202.70","11,086.55","","0.81%"
"05/31/2018","11,086.55","11,074.48","11,137.03","11,054.26","","0.11%"
"05/30/2018","11,074.48","11,105.91","11,110.34","11,033.13","","-0.28%"
"05/29/2018","11,105.91","11,403.06","11,403.18","11,099.75","","-2.61%"
"05/25/2018","11,403.06","11,329.53","11,463.97","11,329.53","","0.65%"
"05/24/2018","11,329.53","11,448.62","11,491.15","11,329.53","","-1.04%"
"05/23/2018","11,448.62","11,602.66","11,621.12","11,435.02","","-1.33%"
"05/22/2018","11,602.66","11,542.66","11,660.96","11,542.66","","0.52%"
"05/21/2018","11,542.66","11,429.25","11,563.60","11,429.25","","0.99%"
"05/18/2018","11,429.25","11,409.82","11,461.10","11,381.04","","0.17%"
"05/17/2018","11,409.82","11,376.33","11,417.02","11,317.80","","0.29%"
"05/16/2018","11,376.33","11,375.66","11,399.81","11,317.56","","0.01%"
"05/15/2018","11,375.66","11,298.14","11,391.99","11,283.79","","0.69%"
"05/14/2018","11,298.14","11,363.45","11,363.45","11,252.05","","-0.57%"
"05/11/2018","11,363.45","11,356.82","11,403.32","11,348.63","","0.06%"
"05/10/2018","11,356.82","11,295.98","11,356.82","11,249.53","","0.54%"
"05/09/2018","11,295.98","11,176.36","11,302.32","11,171.62","","1.07%"
"05/08/2018","11,176.36","11,074.46","11,176.36","11,074.01","","0.92%"
"05/04/2018","11,074.46","11,055.92","11,140.54","11,051.41","","0.17%"
"05/03/2018","11,055.92","11,189.70","11,191.48","11,028.63","","-1.20%"
"05/02/2018","11,189.70","11,092.02","11,204.17","11,092.02","","0.88%"
"05/01/2018","11,092.02","11,054.88","11,158.09","11,054.88","","0.34%"
"04/30/2018","11,054.88","11,052.22","11,132.95","11,049.92","","0.02%"
"04/27/2018","11,052.22","10,977.36","11,086.77","10,977.21","","0.68%"
"04/26/2018","10,977.36","10,912.22","10,992.06","10,887.48","","0.60%"
"04/25/2018","10,912.22","11,008.39","11,009.19","10,898.70","","-0.87%"
"04/24/2018","11,008.39","11,001.96","11,045.11","10,974.70","","0.06%"
"04/23/2018","11,001.96","10,979.46","11,007.48","10,954.51","","0.20%"
"04/20/2018","10,979.46","10,961.95","11,022.16","10,940.27","","0.16%"
"04/19/2018","10,961.95","10,929.69","10,966.48","10,868.41","","0.30%"
"04/18/2018","10,929.69","10,895.23","10,939.61","10,843.68","","0.32%"
"04/17/2018","10,895.23","10,862.82","10,932.39","10,843.51","","0.30%"
"04/16/2018","10,862.82","10,932.35","10,965.66","10,859.23","","-0.64%"
"04/13/2018","10,932.35","10,903.54","10,970.49","10,883.31","","0.26%"
"04/12/2018","10,903.54","10,765.96","10,909.70","10,765.96","","1.28%"
"04/11/2018","10,765.96","10,804.84","10,850.10","10,745.20","","-0.36%"
"04/10/2018","10,804.84","10,718.29","10,807.03","10,713.49","","0.81%"
"04/09/2018","10,718.29","10,680.02","10,766.91","10,628.28","","0.36%"
"04/06/2018","10,680.02","10,667.01","10,728.76","10,609.91","","0.12%"
"04/05/2018","10,667.01","10,416.89","10,675.37","10,416.89","","2.40%"
"04/04/2018","10,416.89","10,490.80","10,493.47","10,308.47","","-0.70%"
"04/03/2018","10,490.80","10,529.54","10,553.34","10,406.14","","-0.37%"
"03/29/2018","10,529.54","10,534.90","10,605.17","10,516.55","","-0.05%"
"03/28/2018","10,534.90","10,546.69","10,547.40","10,389.04","","-0.11%"
"03/27/2018","10,546.69","10,420.47","10,626.81","10,420.47","","1.21%"
"03/26/2018","10,420.47","10,556.22","10,580.18","10,395.40","","-1.29%"
"03/23/2018","10,556.22","10,663.80","10,663.80","10,476.27","","-1.01%"
"03/22/2018","10,663.80","10,764.21","10,812.05","10,594.42","","-0.93%"
"03/21/2018","10,764.21","10,753.96","10,769.13","10,708.09","","0.10%"
"03/20/2018","10,753.96","10,640.85","10,787.40","10,640.85","","1.06%"
"03/19/2018","10,640.85","10,765.20","10,773.14","10,631.65","","-1.16%"
"03/16/2018","10,765.20","10,684.39","10,819.74","10,682.27","","0.76%"
"03/15/2018","10,684.39","10,601.65","10,719.68","10,578.46","","0.78%"
"03/14/2018","10,601.65","10,601.09","10,669.19","10,585.29","","0.01%"
"03/13/2018","10,601.09","10,788.51","10,790.13","10,570.57","","-1.74%"
"03/12/2018","10,788.51","10,760.27","10,819.51","10,737.49","","0.26%"
"03/09/2018","10,760.27","10,729.81","10,777.29","10,698.69","","0.28%"
"03/08/2018","10,729.81","10,684.06","10,756.18","10,660.49","","0.43%"
"03/07/2018","10,684.06","10,624.03","10,706.29","10,580.24","","0.57%"
"03/06/2018","10,624.03","10,596.97","10,745.19","10,574.83","","0.26%"
"03/05/2018","10,596.97","10,501.18","10,626.86","10,494.60","","0.91%"
"03/02/2018","10,501.18","10,640.47","10,640.47","10,480.99","","-1.31%"
"03/01/2018","10,640.47","10,830.05","10,874.22","10,636.98","","-1.75%"
"02/28/2018","10,830.05","10,928.66","10,943.33","10,830.05","","-0.90%"
"02/27/2018","10,928.66","10,806.86","10,998.36","10,806.45","","1.13%"
"02/26/2018","10,806.86","10,809.69","10,851.43","10,717.48","","-0.03%"
"02/23/2018","10,809.69","10,909.05","10,976.17","10,775.99","","-0.91%"
"02/22/2018","10,909.05","10,883.01","10,916.77","10,797.94","","0.24%"
"02/21/2018","10,883.01","10,809.65","10,895.94","10,700.27","","0.68%"
"02/20/2018","10,809.65","10,674.59","10,833.07","10,674.59","","1.27%"
"02/19/2018","10,674.59","10,685.68","10,763.44","10,664.76","","-0.10%"
"02/16/2018","10,685.68","10,594.43","10,716.51","10,594.43","","0.86%"
"02/15/2018","10,594.43","10,688.98","10,775.95","10,531.14","","-0.88%"
"02/14/2018","10,688.98","10,652.20","10,792.68","10,564.74","","0.35%"
"02/13/2018","10,652.20","10,675.38","10,730.65","10,652.20","","-0.22%"
"02/12/2018","10,675.38","10,560.18","10,771.21","10,560.18","","1.09%"
"02/09/2018","10,560.18","10,747.95","10,747.95","10,541.81","","-1.75%"
"02/08/2018","10,747.95","11,029.84","11,059.62","10,741.77","","-2.56%"
"02/07/2018","11,029.84","10,689.56","11,059.36","10,689.56","","3.18%"
"02/06/2018","10,689.56","11,007.80","11,007.80","10,645.64","","-2.89%"
"02/05/2018","11,007.80","11,189.73","11,189.73","10,941.76","","-1.63%"
"02/02/2018","11,189.73","11,264.36","11,264.36","11,175.97","","-0.66%"
"02/01/2018","11,264.36","11,158.29","11,335.28","11,158.29","","0.95%"
"01/31/2018","11,158.29","11,249.80","11,290.87","11,142.70","","-0.81%"
"01/30/2018","11,249.80","11,366.75","11,366.75","11,226.40","","-1.03%"
"01/29/2018","11,366.75","11,317.03","11,394.53","11,317.03","","0.44%"
"01/26/2018","11,317.03","11,192.64","11,325.03","11,188.08","","1.11%"
"01/25/2018","11,192.64","11,231.40","11,268.88","11,158.54","","-0.35%"
"01/24/2018","11,231.40","11,146.85","11,283.37","11,146.39","","0.76%"
"01/23/2018","11,146.85","11,097.69","11,167.86","11,097.69","","0.44%"
"01/22/2018","11,097.69","11,182.85","11,183.32","11,072.64","","-0.76%"
"01/19/2018","11,182.85","11,145.87","11,202.28","11,140.12","","0.33%"
"01/18/2018","11,145.87","11,073.45","11,145.87","11,070.71","","0.65%"
"01/17/2018","11,073.45","11,141.19","11,149.12","11,054.55","","-0.61%"
"01/16/2018","11,141.19","11,134.95","11,193.64","11,115.80","","0.06%"
"01/15/2018","11,134.95","11,164.30","11,201.27","11,123.70","","-0.26%"
"01/12/2018","11,164.30","11,115.12","11,185.57","11,108.54","","0.44%"
"01/11/2018","11,115.12","11,120.83","11,130.91","11,067.83","","-0.05%"
"01/10/2018","11,120.83","11,106.44","11,147.51","11,054.88","","0.13%"
"01/09/2018","11,106.44","11,086.89","11,133.12","11,085.95","","0.18%"
"01/08/2018","11,086.89","11,152.83","11,205.86","11,082.30","","-0.59%"
"01/05/2018","11,152.83","11,110.80","11,171.48","11,089.01","","0.38%"
"01/04/2018","11,110.80","11,051.12","11,118.31","11,046.12","","0.54%"
"01/03/2018","11,051.12","11,025.27","11,089.75","11,020.90","","0.23%"
"01/02/2018","11,025.27","11,073.88","11,107.84","10,991.42","","-0.44%"
"12/29/2017","11,073.88","11,018.67","11,102.38","11,018.67","","0.50%"
"12/28/2017","11,018.67","11,015.95","11,049.78","11,002.50","","0.02%"
"12/27/2017","11,015.95","10,918.39","11,022.20","10,901.19","","0.89%"
"12/22/2017","10,918.39","10,938.64","10,938.64","10,896.67","","-0.19%"
"12/21/2017","10,938.64","10,838.30","10,938.64","10,795.32","","0.93%"
"12/20/2017","10,838.30","10,869.63","10,892.28","10,826.41","","-0.29%"
"12/19/2017","10,869.63","10,881.15","10,916.70","10,848.81","","-0.11%"
"12/18/2017","10,881.15","10,768.56","10,908.00","10,768.56","","1.05%"
"12/15/2017","10,768.56","10,740.01","10,768.56","10,673.76","","0.27%"
"12/14/2017","10,740.01","10,791.15","10,813.11","10,735.59","","-0.47%"
"12/13/2017","10,791.15","10,679.86","10,817.34","10,659.51","","1.04%"
"12/12/2017","10,679.86","10,613.08","10,691.16","10,588.76","","0.63%"
"12/11/2017","10,613.08","10,561.09","10,623.64","10,561.09","","0.49%"
"12/08/2017","10,561.09","10,519.19","10,577.06","10,505.32","","0.40%"
"12/07/2017","10,519.19","10,601.18","10,608.47","10,513.23","","-0.77%"
"12/06/2017","10,601.18","10,608.97","10,630.32","10,511.37","","-0.07%"
"12/05/2017","10,608.97","10,650.97","10,690.26","10,585.00","","-0.39%"
"12/04/2017","10,650.97","10,630.91","10,741.43","10,630.91","","0.19%"
"12/01/2017","10,630.91","10,722.53","10,770.90","10,630.91","","-0.85%"
"11/30/2017","10,722.53","10,737.61","10,749.85","10,642.67","","-0.14%"
"11/29/2017","10,737.61","10,714.09","10,828.17","10,675.96","","0.22%"
"11/28/2017","10,714.09","10,555.43","10,720.74","10,540.69","","1.50%"
"11/27/2017","10,555.43","10,639.23","10,654.65","10,555.43","","-0.79%"
"11/24/2017","10,639.23","10,645.61","10,660.94","10,609.10","","-0.06%"
"11/23/2017","10,645.61","10,659.99","10,667.67","10,605.26","","-0.13%"
"11/22/2017","10,659.99","10,694.90","10,710.28","10,659.52","","-0.33%"
"11/21/2017","10,694.90","10,624.51","10,733.67","10,611.92","","0.66%"
"11/20/2017","10,624.51","10,618.83","10,640.47","10,520.06","","0.05%"
"11/17/2017","10,618.83","10,589.84","10,667.53","10,564.62","","0.27%"
"11/16/2017","10,589.84","10,440.26","10,590.83","10,440.26","","1.43%"
"11/15/2017","10,440.26","10,531.66","10,531.66","10,421.30","","-0.87%"
"11/14/2017","10,531.66","10,437.04","10,568.09","10,437.04","","0.91%"
"11/13/2017","10,437.04","10,580.73","10,621.09","10,405.94","","-1.36%"
"11/10/2017","10,580.73","10,560.09","10,623.50","10,553.08","","0.20%"
"11/09/2017","10,560.09","10,717.96","10,725.18","10,560.09","","-1.47%"
"11/08/2017","10,717.96","10,719.11","10,723.76","10,657.43","","-0.01%"
"11/07/2017","10,719.11","10,770.12","10,792.64","10,718.85","","-0.47%"
"11/06/2017","10,770.12","10,824.80","10,827.77","10,763.66","","-0.51%"
"11/03/2017","10,824.80","10,848.04","10,876.72","10,804.80","","-0.21%"
"11/02/2017","10,848.04","10,819.24","10,877.44","10,795.24","","0.27%"
"11/01/2017","10,819.24","10,823.27","10,885.23","10,803.99","","-0.04%"
"10/31/2017","10,823.27","10,797.70","10,847.38","10,777.58","","0.24%"
"10/30/2017","10,797.70","10,793.84","10,838.62","10,778.08","","0.04%"
"10/27/2017","10,793.84","10,858.19","10,890.03","10,788.29","","-0.59%"
"10/26/2017","10,858.19","10,740.05","10,859.22","10,732.36","","1.10%"
"10/25/2017","10,740.05","10,783.51","10,798.91","10,730.41","","-0.40%"
"10/24/2017","10,783.51","10,832.14","10,833.42","10,770.28","","-0.45%"
"10/23/2017","10,832.14","10,837.50","10,840.31","10,779.92","","-0.05%"
"10/20/2017","10,837.50","10,813.54","10,859.40","10,813.42","","0.22%"
"10/19/2017","10,813.54","10,863.72","10,864.49","10,760.75","","-0.46%"
"10/18/2017","10,863.72","10,802.85","10,864.70","10,801.16","","0.56%"
"10/17/2017","10,802.85","10,966.82","10,966.82","10,802.85","","-1.50%"
"10/16/2017","10,966.82","10,908.42","10,988.26","10,898.36","","0.54%"
"10/13/2017","10,908.42","10,842.55","10,930.42","10,832.21","","0.61%"
"10/12/2017","10,842.55","10,721.02","10,842.55","10,716.46","","1.13%"
"10/11/2017","10,721.02","10,727.91","10,765.78","10,679.77","","-0.06%"
"10/10/2017","10,727.91","10,714.86","10,755.17","10,691.37","","0.12%"
"10/09/2017","10,714.86","10,717.65","10,740.31","10,676.83","","-0.03%"
"10/06/2017","10,717.65","10,652.64","10,737.86","10,652.64","","0.61%"
"10/05/2017","10,652.64","10,587.90","10,652.64","10,572.74","","0.61%"
"10/04/2017","10,587.90","10,661.82","10,663.88","10,571.49","","-0.69%"
"10/03/2017","10,661.82","10,626.86","10,678.36","10,617.47","","0.33%"
"10/02/2017","10,626.86","10,567.21","10,626.86","10,551.33","","0.56%"
"09/29/2017","10,567.21","10,471.37","10,569.44","10,460.34","","0.92%"
"09/28/2017","10,471.37","10,413.53","10,471.37","10,349.96","","0.56%"
"09/27/2017","10,413.53","10,344.86","10,418.59","10,327.51","","0.66%"
"09/26/2017","10,344.86","10,394.84","10,398.80","10,340.38","","-0.48%"
"09/25/2017","10,394.84","10,410.48","10,421.90","10,349.91","","-0.15%"
"09/22/2017","10,410.48","10,315.70","10,415.22","10,259.39","","0.92%"
"09/21/2017","10,315.70","10,335.61","10,353.21","10,309.07","","-0.19%"
"09/20/2017","10,335.61","10,347.37","10,373.48","10,314.10","","-0.11%"
"09/19/2017","10,347.37","10,328.11","10,356.84","10,314.13","","0.19%"
"09/18/2017","10,328.11","10,233.55","10,331.98","10,233.55","","0.92%"
"09/15/2017","10,233.55","10,337.00","10,338.50","10,214.52","","-1.00%"
"09/14/2017","10,337.00","10,416.89","10,420.70","10,325.32","","-0.77%"
"09/13/2017","10,416.89","10,478.58","10,485.56","10,387.34","","-0.59%"
"09/12/2017","10,478.58","10,477.34","10,539.15","10,452.04","","0.01%"
"09/11/2017","10,477.34","10,375.21","10,506.45","10,373.59","","0.98%"
"09/08/2017","10,375.21","10,365.71","10,375.21","10,278.17","","0.09%"
"09/07/2017","10,365.71","10,417.13","10,433.03","10,362.25","","-0.49%"
"09/06/2017","10,417.13","10,493.47","10,493.47","10,386.45","","-0.73%"
"09/05/2017","10,493.47","10,583.51","10,605.18","10,485.73","","-0.85%"
"09/04/2017","10,583.51","10,694.39","10,695.84","10,583.51","","-1.04%"
"09/01/2017","10,694.39","10,662.88","10,741.02","10,658.61","","0.30%"
"08/31/2017","10,662.88","10,562.06","10,671.37","10,551.06","","0.95%"
"08/30/2017","10,562.06","10,580.92","10,662.33","10,562.06","","-0.18%"
"08/29/2017","10,580.92","10,703.41","10,708.26","10,537.04","","-1.14%"
"08/25/2017","10,703.41","10,646.78","10,777.43","10,646.78","","0.53%"
"08/24/2017","10,646.78","10,583.25","10,687.49","10,578.23","","0.60%"
"08/23/2017","10,583.25","10,592.85","10,607.34","10,538.61","","-0.09%"
"08/22/2017","10,592.85","10,776.72","10,830.12","10,514.93","","-1.71%"
"08/21/2017","10,776.72","10,801.64","10,812.14","10,750.26","","-0.23%"
"08/18/2017","10,801.64","10,849.30","10,849.30","10,737.22","","-0.44%"
"08/17/2017","10,849.30","10,912.98","10,925.90","10,835.46","","-0.58%"
"08/16/2017","10,912.98","10,767.79","10,939.58","10,767.79","","1.35%"
"08/15/2017","10,767.79","10,764.87","10,799.95","10,730.61","","0.03%"
"08/14/2017","10,764.87","10,695.10","10,790.78","10,695.10","","0.65%"
"08/11/2017","10,695.10","10,797.38","10,800.41","10,636.28","","-0.95%"
"08/10/2017","10,797.38","10,929.45","10,941.74","10,788.31","","-1.21%"
"08/09/2017","10,929.45","10,982.17","10,982.17","10,839.90","","-0.48%"
"08/08/2017","10,982.17","10,966.02","10,990.05","10,923.47","","0.15%"
"08/07/2017","10,966.02","10,974.37","10,989.00","10,931.89","","-0.08%"
"08/04/2017","10,974.37","10,968.54","11,004.17","10,893.08","","0.05%"
"08/03/2017","10,968.54","10,879.79","10,979.14","10,847.00","","0.82%"
"08/02/2017","10,879.79","10,871.57","10,916.18","10,853.49","","0.08%"
"08/01/2017","10,871.57","10,811.86","10,881.79","10,808.66","","0.55%"
"07/31/2017","10,811.86","10,733.13","10,849.76","10,697.25","","0.73%"
"07/28/2017","10,733.13","10,854.49","10,854.49","10,705.29","","-1.12%"
"07/27/2017","10,854.49","10,803.15","10,870.42","10,785.18","","0.48%"
"07/26/2017","10,803.15","10,746.30","10,817.70","10,737.55","","0.53%"
"07/25/2017","10,746.30","10,753.86","10,829.02","10,746.30","","-0.07%"
"07/24/2017","10,753.86","10,844.78","10,844.78","10,715.23","","-0.84%"
"07/21/2017","10,844.78","10,826.49","10,865.77","10,794.09","","0.17%"
"07/20/2017","10,826.49","10,731.56","10,826.49","10,716.31","","0.88%"
"07/19/2017","10,731.56","10,671.97","10,741.64","10,632.91","","0.56%"
"07/18/2017","10,671.97","10,579.26","10,671.97","10,551.57","","0.88%"
"07/17/2017","10,579.26","10,515.53","10,587.81","10,509.00","","0.61%"
"07/14/2017","10,515.53","10,543.48","10,560.67","10,497.09","","-0.27%"
"07/13/2017","10,543.48","10,467.31","10,547.55","10,467.31","","0.73%"
"07/12/2017","10,467.31","10,406.31","10,479.72","10,406.31","","0.59%"
"07/11/2017","10,406.31","10,507.33","10,537.30","10,396.70","","-0.96%"
"07/10/2017","10,507.33","10,486.98","10,564.34","10,471.57","","0.19%"
"07/07/2017","10,486.98","10,484.06","10,486.98","10,411.97","","0.03%"
"07/06/2017","10,484.06","10,476.80","10,496.15","10,393.62","","0.07%"
"07/05/2017","10,476.80","10,327.61","10,481.66","10,298.92","","1.44%"
"07/04/2017","10,327.61","10,392.29","10,394.04","10,327.61","","-0.62%"
"07/03/2017","10,392.29","10,434.13","10,443.97","10,357.06","","-0.40%"
"06/30/2017","10,434.13","10,393.62","10,477.92","10,349.81","","0.39%"
"06/29/2017","10,393.62","10,504.21","10,549.89","10,377.35","","-1.05%"
"06/28/2017","10,504.21","10,489.50","10,512.29","10,401.28","","0.14%"
"06/27/2017","10,489.50","10,570.60","10,570.60","10,460.76","","-0.77%"
"06/26/2017","10,570.60","10,572.71","10,640.76","10,564.50","","-0.02%"
"06/23/2017","10,572.71","10,515.65","10,594.06","10,493.64","","0.54%"
"06/22/2017","10,515.65","10,513.80","10,569.03","10,471.59","","0.02%"
"06/21/2017","10,513.80","10,722.86","10,722.86","10,473.54","","-1.95%"
"06/20/2017","10,722.86","10,731.90","10,809.82","10,722.86","","-0.08%"
"06/19/2017","10,731.90","10,659.62","10,753.36","10,659.62","","0.68%"
"06/16/2017","10,659.62","10,535.93","10,659.62","10,534.26","","1.17%"
"06/15/2017","10,535.93","10,688.13","10,688.13","10,474.57","","-1.42%"
"06/14/2017","10,688.13","10,687.38","10,773.23","10,683.46","","0.01%"
"06/13/2017","10,687.38","10,540.60","10,705.31","10,536.92","","1.39%"
"06/12/2017","10,540.60","10,611.96","10,611.96","10,531.68","","-0.67%"
"06/09/2017","10,611.96","10,582.28","10,622.53","10,497.26","","0.28%"
"06/08/2017","10,582.28","10,619.83","10,653.09","10,576.08","","-0.35%"
"06/07/2017","10,619.83","10,541.58","10,642.11","10,523.47","","0.74%"
"06/06/2017","10,541.58","10,680.87","10,683.63","10,539.37","","-1.30%"
"06/05/2017","10,680.87","10,733.78","10,754.56","10,660.41","","-0.49%"
"06/02/2017","10,733.78","10,708.18","10,790.78","10,708.18","","0.24%"
"06/01/2017","10,708.18","10,634.56","10,741.53","10,634.56","","0.69%"
"05/31/2017","10,634.56","10,656.28","10,719.38","10,622.10","","-0.20%"
"05/30/2017","10,656.28","10,615.83","10,672.40","10,576.44","","0.38%"
"05/26/2017","10,615.83","10,670.95","10,684.94","10,597.55","","-0.52%"
"05/25/2017","10,670.95","10,535.73","10,680.44","10,535.73","","1.28%"
"05/24/2017","10,535.73","10,497.76","10,536.88","10,493.64","","0.36%"
"05/23/2017","10,497.76","10,497.13","10,534.80","10,480.25","","0.01%"
"05/22/2017","10,497.13","10,453.85","10,530.16","10,453.85","","0.41%"
"05/19/2017","10,453.85","10,425.00","10,496.06","10,424.61","","0.28%"
"05/18/2017","10,425.00","10,447.43","10,447.43","10,290.72","","-0.21%"
"05/17/2017","10,447.43","10,528.48","10,546.21","10,432.21","","-0.77%"
"05/16/2017","10,528.48","10,595.82","10,598.51","10,515.52","","-0.64%"
"05/15/2017","10,595.82","10,547.17","10,608.69","10,541.55","","0.46%"
"05/12/2017","10,547.17","10,550.95","10,575.27","10,523.86","","-0.04%"
"05/11/2017","10,550.95","10,550.56","10,556.71","10,516.06","","0.00%"
"05/10/2017","10,550.56","10,470.88","10,555.37","10,438.73","","0.76%"
"05/09/2017","10,470.88","10,452.01","10,515.76","10,446.56","","0.18%"
"05/08/2017","10,452.01","10,401.94","10,470.79","10,396.94","","0.48%"
"05/05/2017","10,401.94","10,414.46","10,414.46","10,316.10","","-0.12%"
"05/04/2017","10,414.46","10,342.16","10,418.67","10,307.87","","0.70%"
"05/03/2017","10,342.16","10,409.41","10,409.41","10,322.45","","-0.65%"
"05/02/2017","10,409.41","10,293.72","10,409.41","10,257.66","","1.12%"
"04/28/2017","10,293.72","10,353.88","10,366.92","10,293.72","","-0.58%"
"04/27/2017","10,353.88","10,303.34","10,356.87","10,249.14","","0.49%"
"04/26/2017","10,303.34","10,232.41","10,317.41","10,219.82","","0.69%"
"04/25/2017","10,232.41","10,278.22","10,292.88","10,232.41","","-0.45%"
"04/24/2017","10,278.22","10,031.87","10,286.90","10,031.87","","2.46%"
"04/21/2017","10,031.87","10,011.12","10,078.19","9,998.23","","0.21%"
"04/20/2017","10,011.12","9,969.47","10,022.32","9,948.95","","0.42%"
"04/19/2017","9,969.47","9,895.56","10,004.69","9,895.10","","0.75%"
"04/18/2017","9,895.56","10,012.87","10,035.54","9,886.37","","-1.17%"
"04/13/2017","10,012.87","9,947.81","10,030.47","9,904.01","","0.65%"
"04/12/2017","9,947.81","9,949.78","9,997.84","9,889.34","","-0.02%"
"04/11/2017","9,949.78","9,940.45","10,010.23","9,901.39","","0.09%"
"04/10/2017","9,940.45","9,902.50","9,949.97","9,869.93","","0.38%"
"04/07/2017","9,902.50","9,818.15","9,902.50","9,803.38","","0.86%"
"04/06/2017","9,818.15","9,836.34","9,837.31","9,720.29","","-0.18%"
"04/05/2017","9,836.34","9,864.93","9,896.54","9,814.39","","-0.29%"
"04/04/2017","9,864.93","9,786.87","9,875.54","9,779.92","","0.80%"
"04/03/2017","9,786.87","9,814.52","9,841.67","9,754.39","","-0.28%"
"03/31/2017","9,814.52","9,834.48","9,846.49","9,726.64","","-0.20%"
"03/30/2017","9,834.48","9,780.95","9,850.38","9,755.96","","0.55%"
"03/29/2017","9,780.95","9,649.15","9,780.95","9,649.15","","1.37%"
"03/28/2017","9,649.15","9,624.91","9,659.55","9,583.81","","0.25%"
"03/27/2017","9,624.91","9,682.17","9,685.66","9,594.17","","-0.59%"
"03/24/2017","9,682.17","9,721.78","9,753.11","9,658.97","","-0.41%"
"03/23/2017","9,721.78","9,680.63","9,753.03","9,629.08","","0.43%"
"03/22/2017","9,680.63","9,786.14","9,786.14","9,626.20","","-1.08%"
"03/21/2017","9,786.14","9,907.51","9,940.70","9,779.97","","-1.23%"
"03/20/2017","9,907.51","9,867.85","9,921.91","9,808.97","","0.40%"
"03/17/2017","9,867.85","9,885.01","9,897.83","9,840.75","","-0.17%"
"03/16/2017","9,885.01","9,830.98","9,904.45","9,830.98","","0.55%"
"03/15/2017","9,830.98","9,828.46","9,846.94","9,762.65","","0.03%"
"03/14/2017","9,828.46","9,873.16","9,913.14","9,821.77","","-0.45%"
"03/13/2017","9,873.16","9,861.30","9,888.54","9,849.43","","0.12%"
"03/10/2017","9,861.30","9,873.68","9,935.62","9,861.30","","-0.13%"
"03/09/2017","9,873.68","9,880.11","9,898.94","9,810.89","","-0.07%"
"03/08/2017","9,880.11","9,857.54","9,899.55","9,822.24","","0.23%"
"03/07/2017","9,857.54","9,873.51","9,886.63","9,839.63","","-0.16%"
"03/06/2017","9,873.51","9,826.93","9,906.27","9,822.83","","0.47%"
"03/03/2017","9,826.93","9,814.88","9,836.06","9,764.28","","0.12%"
"03/02/2017","9,814.88","9,884.29","9,921.82","9,804.81","","-0.70%"
"03/01/2017","9,884.29","9,757.56","9,890.83","9,707.26","","1.30%"
"02/28/2017","9,757.56","9,727.04","9,771.02","9,702.76","","0.31%"
"02/27/2017","9,727.04","9,698.25","9,773.23","9,627.21","","0.30%"
"02/24/2017","9,698.25","9,775.05","9,775.05","9,675.60","","-0.79%"
"02/23/2017","9,775.05","9,752.80","9,833.47","9,750.59","","0.23%"
"02/22/2017","9,752.80","9,753.71","9,773.44","9,714.54","","-0.01%"
"02/21/2017","9,753.71","9,800.11","9,817.45","9,748.97","","-0.47%"
"02/20/2017","9,800.11","9,771.98","9,834.51","9,770.51","","0.29%"
"02/17/2017","9,771.98","9,746.79","9,783.33","9,687.18","","0.26%"
"02/16/2017","9,746.79","9,790.80","9,814.82","9,733.20","","-0.45%"
"02/15/2017","9,790.80","9,803.37","9,848.56","9,782.64","","-0.13%"
"02/14/2017","9,803.37","9,775.15","9,806.99","9,722.94","","0.29%"
"02/13/2017","9,775.15","9,721.42","9,794.20","9,716.70","","0.55%"
"02/10/2017","9,721.42","9,670.59","9,764.78","9,659.44","","0.53%"
"02/09/2017","9,670.59","9,618.71","9,681.20","9,618.71","","0.54%"
"02/08/2017","9,618.71","9,637.82","9,681.81","9,585.89","","-0.20%"
"02/07/2017","9,637.82","9,542.32","9,652.62","9,535.17","","1.00%"
"02/06/2017","9,542.32","9,586.79","9,598.06","9,542.32","","-0.46%"
"02/03/2017","9,586.79","9,529.78","9,606.46","9,524.07","","0.60%"
"02/02/2017","9,529.78","9,591.63","9,591.63","9,481.75","","-0.64%"
"02/01/2017","9,591.63","9,578.21","9,630.00","9,553.13","","0.14%"
"01/31/2017","9,578.21","9,485.54","9,606.98","9,477.36","","0.98%"
"01/30/2017","9,485.54","9,539.11","9,539.11","9,444.44","","-0.56%"
"01/27/2017","9,539.11","9,546.31","9,573.05","9,511.91","","-0.08%"
"01/26/2017","9,546.31","9,523.07","9,582.49","9,517.53","","0.24%"
"01/25/2017","9,523.07","9,504.23","9,574.50","9,497.36","","0.20%"
"01/24/2017","9,504.23","9,518.12","9,569.04","9,478.72","","-0.15%"
"01/23/2017","9,518.12","9,510.95","9,518.12","9,396.45","","0.08%"
"01/20/2017","9,510.95","9,500.41","9,556.52","9,467.80","","0.11%"
"01/19/2017","9,500.41","9,517.87","9,522.21","9,453.00","","-0.18%"
"01/18/2017","9,517.87","9,505.22","9,546.30","9,479.10","","0.13%"
"01/17/2017","9,505.22","9,487.35","9,541.22","9,452.98","","0.19%"
"01/16/2017","9,487.35","9,502.76","9,502.76","9,460.95","","-0.16%"
"01/13/2017","9,502.76","9,451.14","9,508.14","9,449.63","","0.55%"
"01/12/2017","9,451.14","9,508.39","9,510.54","9,433.18","","-0.60%"
"01/11/2017","9,508.39","9,522.58","9,540.53","9,501.79","","-0.15%"
"01/10/2017","9,522.58","9,532.79","9,537.92","9,442.41","","-0.11%"
"01/09/2017","9,532.79","9,520.95","9,560.17","9,480.05","","0.12%"
"01/06/2017","9,520.95","9,489.43","9,540.32","9,465.71","","0.33%"
"01/05/2017","9,489.43","9,476.64","9,570.01","9,465.40","","0.13%"
"01/04/2017","9,476.64","9,431.54","9,478.03","9,425.09","","0.48%"
"01/03/2017","9,431.54","9,302.24","9,431.54","9,301.97","","1.39%"
"12/30/2016","9,302.24","9,205.56","9,302.24","9,171.29","","1.05%"
"12/29/2016","9,205.56","9,200.51","9,218.70","9,164.97","","0.05%"
"12/28/2016","9,200.51","9,196.45","9,239.01","9,172.20","","0.04%"
"12/23/2016","9,196.45","9,171.84","9,228.35","9,165.23","","0.27%"
"12/22/2016","9,171.84","9,118.87","9,171.84","9,101.00","","0.58%"
"12/21/2016","9,118.87","9,162.07","9,180.08","9,107.88","","-0.47%"
"12/20/2016","9,162.07","9,127.58","9,173.32","9,095.16","","0.38%"
"12/19/2016","9,127.58","9,154.99","9,191.28","9,091.78","","-0.30%"
"12/16/2016","9,154.99","9,120.78","9,192.00","9,111.00","","0.38%"
"12/15/2016","9,120.78","9,050.22","9,130.16","9,024.58","","0.78%"
"12/14/2016","9,050.22","9,031.22","9,075.33","8,977.61","","0.21%"
"12/13/2016","9,031.22","8,949.54","9,038.23","8,892.53","","0.91%"
"12/12/2016","8,949.54","9,051.61","9,055.94","8,948.89","","-1.13%"
"12/09/2016","9,051.61","9,139.91","9,178.73","9,029.87","","-0.97%"
"12/08/2016","9,139.91","9,140.08","9,199.55","9,097.75","","0.00%"
"12/07/2016","9,140.08","8,995.68","9,140.08","8,995.68","","1.61%"
"12/06/2016","8,995.68","9,160.82","9,172.65","8,923.18","","-1.80%"
"12/05/2016","9,160.82","9,173.02","9,205.99","9,118.49","","-0.13%"
"12/02/2016","9,173.02","9,188.07","9,193.00","9,112.22","","-0.16%"
"12/01/2016","9,188.07","9,266.02","9,266.57","9,114.66","","-0.84%"
"11/30/2016","9,266.02","9,289.97","9,331.23","9,254.17","","-0.26%"
"11/29/2016","9,289.97","9,338.86","9,342.80","9,254.23","","-0.52%"
"11/28/2016","9,338.86","9,455.19","9,461.45","9,311.98","","-1.23%"
"11/25/2016","9,455.19","9,424.42","9,455.19","9,392.96","","0.33%"
"11/24/2016","9,424.42","9,418.55","9,478.88","9,387.17","","0.06%"
"11/23/2016","9,418.55","9,404.35","9,480.69","9,379.91","","0.15%"
"11/22/2016","9,404.35","9,287.71","9,435.21","9,287.39","","1.26%"
"11/21/2016","9,287.71","9,396.86","9,415.02","9,267.68","","-1.16%"
"11/18/2016","9,396.86","9,367.54","9,410.47","9,292.99","","0.31%"
"11/17/2016","9,367.54","9,270.45","9,367.54","9,269.65","","1.05%"
"11/16/2016","9,270.45","9,382.64","9,419.13","9,269.45","","-1.20%"
"11/15/2016","9,382.64","9,263.32","9,430.42","9,263.32","","1.29%"
"11/14/2016","9,263.32","9,160.14","9,297.01","9,160.14","","1.13%"
"11/11/2016","9,160.14","9,310.81","9,360.30","9,126.11","","-1.62%"
"11/10/2016","9,310.81","9,275.91","9,506.89","9,275.91","","0.38%"
"11/09/2016","9,275.91","9,169.49","9,275.91","8,883.23","","1.16%"
"11/08/2016","9,169.49","9,151.27","9,196.25","9,122.42","","0.20%"
"11/07/2016","9,151.27","9,011.54","9,167.13","9,011.54","","1.55%"
"11/04/2016","9,011.54","9,172.05","9,172.05","8,958.54","","-1.75%"
"11/03/2016","9,172.05","9,165.46","9,318.95","9,123.06","","0.07%"
"11/02/2016","9,165.46","9,269.71","9,269.71","9,122.35","","-1.12%"
"11/01/2016","9,269.71","9,312.03","9,340.24","9,256.95","","-0.45%"
"10/31/2016","9,312.03","9,345.73","9,346.36","9,283.99","","-0.36%"
"10/28/2016","9,345.73","9,321.46","9,362.33","9,224.38","","0.26%"
"10/27/2016","9,321.46","9,359.17","9,374.42","9,286.79","","-0.40%"
"10/26/2016","9,359.17","9,438.53","9,438.53","9,314.89","","-0.84%"
"10/25/2016","9,438.53","9,432.73","9,477.90","9,425.90","","0.06%"
"10/24/2016","9,432.73","9,378.07","9,506.52","9,378.07","","0.58%"
"10/21/2016","9,378.07","9,352.72","9,402.88","9,326.05","","0.27%"
"10/20/2016","9,352.72","9,316.07","9,368.73","9,306.77","","0.39%"
"10/19/2016","9,316.07","9,309.91","9,333.73","9,234.93","","0.07%"
"10/18/2016","9,309.91","9,213.80","9,343.00","9,213.80","","1.04%"
"10/17/2016","9,213.80","9,323.54","9,363.14","9,200.92","","-1.18%"
"10/14/2016","9,323.54","9,259.65","9,363.24","9,242.06","","0.69%"
"10/13/2016","9,259.65","9,404.79","9,409.23","9,248.09","","-1.54%"
"10/12/2016","9,404.79","9,464.57","9,499.91","9,393.19","","-0.63%"
"10/11/2016","9,464.57","9,453.25","9,520.85","9,435.84","","0.12%"
"10/10/2016","9,453.25","9,473.28","9,514.04","9,428.32","","-0.21%"
"10/07/2016","9,473.28","9,547.83","9,589.21","9,452.58","","-0.78%"
"10/06/2016","9,547.83","9,605.50","9,647.67","9,544.55","","-0.60%"
"10/05/2016","9,605.50","9,688.42","9,688.42","9,579.69","","-0.86%"
"10/04/2016","9,688.42","9,514.74","9,790.06","9,514.74","","1.83%"
"10/03/2016","9,514.74","9,248.53","9,522.32","9,209.84","","2.88%"
"09/30/2016","9,248.53","9,282.59","9,282.59","9,060.67","","-0.37%"
"09/29/2016","9,282.59","9,202.59","9,284.18","9,194.80","","0.87%"
"09/28/2016","9,202.59","9,157.98","9,260.23","9,149.06","","0.49%"
"09/27/2016","9,157.98","9,246.61","9,326.48","9,101.22","","-0.96%"
"09/26/2016","9,246.61","9,359.88","9,360.23","9,180.01","","-1.21%"
"09/23/2016","9,359.88","9,431.41","9,433.01","9,330.54","","-0.76%"
"09/22/2016","9,431.41","9,385.02","9,460.32","9,382.50","","0.49%"
"09/21/2016","9,385.02","9,302.43","9,428.63","9,302.43","","0.89%"
"09/20/2016","9,302.43","9,343.43","9,370.08","9,265.72","","-0.44%"
"09/19/2016","9,343.43","9,257.04","9,343.43","9,252.53","","0.93%"
"09/16/2016","9,257.04","9,268.77","9,318.44","9,226.85","","-0.13%"
"09/15/2016","9,268.77","9,228.44","9,274.80","9,134.44","","0.44%"
"09/14/2016","9,228.44","9,212.43","9,301.04","9,201.96","","0.17%"
"09/13/2016","9,212.43","9,206.42","9,309.83","9,206.42","","0.07%"
"09/12/2016","9,206.42","9,330.03","9,330.03","9,141.79","","-1.32%"
"09/09/2016","9,330.03","9,457.23","9,457.23","9,322.36","","-1.35%"
"09/08/2016","9,457.23","9,323.36","9,470.56","9,310.32","","1.44%"
"09/07/2016","9,323.36","9,324.39","9,340.59","9,233.84","","-0.01%"
"09/06/2016","9,324.39","9,386.60","9,397.43","9,307.30","","-0.66%"
"09/05/2016","9,386.60","9,437.82","9,488.52","9,375.06","","-0.54%"
"09/02/2016","9,437.82","9,324.85","9,487.84","9,250.96","","1.21%"
"09/01/2016","9,324.85","9,237.73","9,410.43","9,225.65","","0.94%"
"08/31/2016","9,237.73","9,287.17","9,299.06","9,227.11","","-0.53%"
"08/30/2016","9,287.17","9,309.06","9,347.97","9,276.97","","-0.24%"
"08/26/2016","9,309.06","9,324.86","9,334.14","9,274.32","","-0.17%"
"08/25/2016","9,324.86","9,359.22","9,360.95","9,250.29","","-0.37%"
"08/24/2016","9,359.22","9,374.92","9,400.81","9,295.37","","-0.17%"
"08/23/2016","9,374.92","9,321.00","9,397.48","9,321.00","","0.58%"
"08/22/2016","9,321.00","9,308.06","9,353.56","9,276.68","","0.14%"
"08/19/2016","9,308.06","9,345.09","9,346.69","9,237.09","","-0.40%"
"08/18/2016","9,345.09","9,218.86","9,362.28","9,210.35","","1.37%"
"08/17/2016","9,218.86","9,312.30","9,331.16","9,218.86","","-1.00%"
"08/16/2016","9,312.30","9,342.82","9,374.19","9,288.36","","-0.33%"
"08/15/2016","9,342.82","9,336.47","9,375.67","9,316.30","","0.07%"
"08/12/2016","9,336.47","9,282.52","9,355.52","9,262.42","","0.58%"
"08/11/2016","9,282.52","9,226.07","9,282.52","9,135.62","","0.61%"
"08/10/2016","9,226.07","9,218.67","9,229.81","9,173.82","","0.08%"
"08/09/2016","9,218.67","9,185.51","9,233.23","9,157.77","","0.36%"
"08/08/2016","9,185.51","9,087.76","9,220.30","9,084.21","","1.08%"
"08/05/2016","9,087.76","8,938.56","9,093.55","8,938.56","","1.67%"
"08/04/2016","8,938.56","8,803.04","8,967.74","8,792.39","","1.54%"
"08/03/2016","8,803.04","8,827.46","8,847.49","8,753.14","","-0.28%"
"08/02/2016","8,827.46","8,840.30","8,878.74","8,737.57","","-0.15%"
"08/01/2016","8,840.30","8,925.14","9,003.18","8,838.93","","-0.95%"
"07/29/2016","8,925.14","8,807.23","8,934.94","8,807.23","","1.34%"
"07/28/2016","8,807.23","8,941.05","8,950.03","8,807.23","","-1.50%"
"07/27/2016","8,941.05","8,821.41","8,985.22","8,821.41","","1.36%"
"07/26/2016","8,821.41","8,852.42","8,893.07","8,784.86","","-0.35%"
"07/25/2016","8,852.42","8,785.87","8,895.73","8,735.99","","0.76%"
"07/22/2016","8,785.87","8,805.94","8,821.21","8,744.81","","-0.23%"
"07/21/2016","8,805.94","8,828.41","8,848.78","8,761.28","","-0.25%"
"07/20/2016","8,828.41","8,779.80","8,862.28","8,722.28","","0.55%"
"07/19/2016","8,779.80","8,738.17","8,810.63","8,649.06","","0.48%"
"07/18/2016","8,738.17","8,613.32","8,762.97","8,599.09","","1.45%"
"07/15/2016","8,613.32","8,642.03","8,686.14","8,542.78","","-0.33%"
"07/14/2016","8,642.03","8,537.06","8,663.59","8,536.52","","1.23%"
"07/13/2016","8,537.06","8,616.40","8,619.26","8,527.50","","-0.92%"
"07/12/2016","8,616.40","8,470.70","8,665.75","8,467.82","","1.72%"
"07/11/2016","8,470.70","8,197.56","8,484.53","8,197.56","","3.33%"
"07/08/2016","8,197.56","7,993.19","8,244.86","7,966.96","","2.56%"
"07/07/2016","7,993.19","7,718.34","8,081.15","7,718.34","","3.56%"
"07/06/2016","7,718.34","7,797.65","7,797.65","7,654.28","","-1.02%"
"07/05/2016","7,797.65","8,077.08","8,100.61","7,768.64","","-3.46%"
"07/04/2016","8,077.08","8,284.99","8,345.51","8,069.86","","-2.51%"
"07/01/2016","8,284.99","8,170.04","8,285.83","8,098.06","","1.41%"
"06/30/2016","8,170.04","7,966.50","8,170.04","7,884.38","","2.55%"
"06/29/2016","7,966.50","7,740.34","7,966.50","7,740.34","","2.92%"
"06/28/2016","7,740.34","7,381.83","7,793.76","7,381.83","","4.86%"
"06/27/2016","7,381.83","8,157.48","8,157.48","7,363.33","","-9.51%"
"06/24/2016","8,157.48","9,121.63","9,121.63","7,736.91","","-10.57%"
"06/23/2016","9,121.63","8,923.69","9,129.83","8,914.73","","2.22%"
"06/22/2016","8,923.69","8,795.71","8,991.24","8,772.59","","1.46%"
"06/21/2016","8,795.71","8,730.22","8,808.46","8,681.79","","0.75%"
"06/20/2016","8,730.22","8,328.30","8,735.90","8,328.30","","4.83%"
"06/17/2016","8,328.30","8,079.58","8,328.30","8,079.58","","3.08%"
"06/16/2016","8,079.58","8,197.10","8,197.10","8,026.50","","-1.43%"
"06/15/2016","8,197.10","8,171.00","8,259.17","8,171.00","","0.32%"
"06/14/2016","8,171.00","8,405.53","8,405.53","8,171.00","","-2.79%"
"06/13/2016","8,405.53","8,598.30","8,598.30","8,405.53","","-2.24%"
"06/10/2016","8,598.30","8,815.18","8,816.28","8,571.82","","-2.46%"
"06/09/2016","8,815.18","8,890.10","8,892.48","8,808.19","","-0.84%"
"06/08/2016","8,890.10","8,876.26","8,909.41","8,807.80","","0.16%"
"06/07/2016","8,876.26","8,899.62","8,966.73","8,871.48","","-0.26%"
"06/06/2016","8,899.62","8,813.04","8,914.23","8,812.50","","0.98%"
"06/03/2016","8,813.04","8,822.31","8,907.56","8,757.82","","-0.11%"
"06/02/2016","8,822.31","8,864.76","8,877.41","8,799.78","","-0.48%"
"06/01/2016","8,864.76","9,006.83","9,006.83","8,832.94","","-1.58%"
"05/31/2016","9,006.83","9,021.03","9,039.68","8,967.47","","-0.16%"
"05/27/2016","9,021.03","8,980.01","9,022.70","8,947.32","","0.46%"
"05/26/2016","8,980.01","8,989.85","9,008.41","8,945.93","","-0.11%"
"05/25/2016","8,989.85","8,882.16","8,996.97","8,882.16","","1.21%"
"05/24/2016","8,882.16","8,734.86","8,888.80","8,674.63","","1.69%"
"05/23/2016","8,734.86","8,682.93","8,744.54","8,656.05","","0.60%"
"05/20/2016","8,682.93","8,541.02","8,706.44","8,541.02","","1.66%"
"05/19/2016","8,541.02","8,627.01","8,627.01","8,534.19","","-1.00%"
"05/18/2016","8,627.01","8,563.20","8,627.01","8,491.67","","0.75%"
"05/17/2016","8,563.20","8,522.94","8,594.54","8,522.94","","0.47%"
"05/16/2016","8,522.94","8,528.49","8,529.57","8,466.04","","-0.07%"
"05/13/2016","8,528.49","8,459.00","8,528.49","8,419.19","","0.82%"
"05/12/2016","8,459.00","8,500.19","8,553.26","8,420.14","","-0.48%"
"05/11/2016","8,500.19","8,513.63","8,529.78","8,454.13","","-0.16%"
"05/10/2016","8,513.63","8,493.01","8,562.06","8,491.09","","0.24%"
"05/09/2016","8,493.01","8,480.44","8,580.44","8,477.84","","0.15%"
"05/06/2016","8,480.44","8,561.98","8,561.98","8,451.15","","-0.95%"
"05/05/2016","8,561.98","8,587.65","8,600.65","8,526.84","","-0.30%"
"05/04/2016","8,587.65","8,709.91","8,709.91","8,501.37","","-1.40%"
"05/03/2016","8,709.91","8,843.19","8,850.80","8,693.90","","-1.51%"
"04/29/2016","8,843.19","8,985.13","8,986.61","8,843.19","","-1.58%"
"04/28/2016","8,985.13","9,039.29","9,041.52","8,907.79","","-0.60%"
"04/27/2016","9,039.29","8,987.97","9,039.29","8,955.11","","0.57%"
"04/26/2016","8,987.97","8,986.63","9,008.87","8,953.56","","0.01%"
"04/25/2016","8,986.63","8,953.75","8,991.97","8,940.35","","0.37%"
"04/22/2016","8,953.75","9,008.23","9,015.05","8,941.63","","-0.60%"
"04/21/2016","9,008.23","9,034.22","9,049.83","8,985.20","","-0.29%"
"04/20/2016","9,034.22","9,071.82","9,075.42","8,970.23","","-0.41%"
"04/19/2016","9,071.82","9,066.49","9,164.35","9,050.33","","0.06%"
"04/18/2016","9,066.49","9,073.51","9,075.04","8,974.91","","-0.08%"
"04/15/2016","9,073.51","9,052.60","9,077.67","9,002.03","","0.23%"
"04/14/2016","9,052.60","9,020.74","9,065.23","8,996.79","","0.35%"
"04/13/2016","9,020.74","8,822.81","9,020.74","8,822.81","","2.24%"
"04/12/2016","8,822.81","8,733.20","8,827.19","8,703.20","","1.03%"
"04/11/2016","8,733.20","8,766.88","8,785.56","8,705.09","","-0.38%"
"04/08/2016","8,766.88","8,678.31","8,801.66","8,678.31","","1.02%"
"04/07/2016","8,678.31","8,859.23","8,910.79","8,658.90","","-2.04%"
"04/06/2016","8,859.23","8,778.95","8,873.54","8,778.95","","0.91%"
"04/05/2016","8,778.95","8,933.13","8,933.38","8,751.63","","-1.73%"
"04/04/2016","8,933.13","8,928.71","8,998.93","8,906.46","","0.05%"
"04/01/2016","8,928.71","8,985.24","8,985.24","8,854.48","","-0.63%"
"03/31/2016","8,985.24","8,994.74","9,010.68","8,938.57","","-0.11%"
"03/30/2016","8,994.74","8,865.44","9,020.74","8,865.44","","1.46%"
"03/29/2016","8,865.44","8,842.78","8,924.26","8,825.97","","0.26%"
"03/24/2016","8,842.78","8,968.08","8,968.08","8,842.78","","-1.40%"
"03/23/2016","8,968.08","9,043.68","9,099.67","8,951.65","","-0.84%"
"03/22/2016","9,043.68","8,949.56","9,043.68","8,840.66","","1.05%"
"03/21/2016","8,949.56","9,027.04","9,064.11","8,946.17","","-0.86%"
"03/18/2016","9,027.04","8,944.59","9,052.77","8,933.22","","0.92%"
"03/17/2016","8,944.59","8,877.24","8,986.16","8,842.33","","0.76%"
"03/16/2016","8,877.24","8,861.66","8,912.01","8,817.81","","0.18%"
"03/15/2016","8,861.66","8,887.74","8,903.27","8,840.78","","-0.29%"
"03/14/2016","8,887.74","8,810.97","8,912.23","8,810.97","","0.87%"
"03/11/2016","8,810.97","8,656.54","8,826.77","8,656.54","","1.78%"
"03/10/2016","8,656.54","8,732.25","8,874.47","8,656.54","","-0.87%"
"03/09/2016","8,732.25","8,758.25","8,801.66","8,725.71","","-0.30%"
"03/08/2016","8,758.25","8,895.80","8,895.80","8,746.71","","-1.55%"
"03/07/2016","8,895.80","8,960.07","8,973.81","8,830.87","","-0.72%"
"03/04/2016","8,960.07","8,939.83","8,975.32","8,903.66","","0.23%"
"03/03/2016","8,939.83","8,875.64","8,981.92","8,874.49","","0.72%"
"03/02/2016","8,875.64","8,869.91","8,932.31","8,800.66","","0.06%"
"03/01/2016","8,869.91","8,595.22","8,873.82","8,595.22","","3.20%"
"02/29/2016","8,595.22","8,689.51","8,689.51","8,518.19","","-1.09%"
"02/26/2016","8,689.51","8,493.39","8,705.11","8,493.39","","2.31%"
"02/25/2016","8,493.39","8,289.17","8,501.09","8,286.02","","2.46%"
"02/24/2016","8,289.17","8,465.16","8,465.75","8,257.19","","-2.08%"
"02/23/2016","8,465.16","8,320.38","8,626.74","8,271.55","","1.74%"
"02/22/2016","8,320.38","8,237.29","8,367.57","8,237.29","","1.01%"
"02/19/2016","8,237.29","8,277.80","8,323.01","8,172.54","","-0.49%"
"02/18/2016","8,277.80","8,284.01","8,341.61","8,233.07","","-0.07%"
"02/17/2016","8,284.01","8,016.53","8,286.32","8,015.19","","3.34%"
"02/16/2016","8,016.53","8,053.91","8,117.58","7,981.72","","-0.46%"
"02/15/2016","8,053.91","7,881.73","8,136.34","7,881.73","","2.18%"
"02/12/2016","7,881.73","7,644.18","7,891.88","7,641.56","","3.11%"
"02/11/2016","7,644.18","7,862.82","7,862.82","7,568.73","","-2.78%"
"02/10/2016","7,862.82","7,687.02","7,980.28","7,687.02","","2.29%"
"02/09/2016","7,687.02","7,829.77","7,870.87","7,603.60","","-1.82%"
"02/08/2016","7,829.77","8,156.38","8,198.51","7,808.45","","-4.00%"
"02/05/2016","8,156.38","8,256.79","8,340.06","8,156.38","","-1.22%"
"02/04/2016","8,256.79","8,180.87","8,322.19","8,137.86","","0.93%"
"02/03/2016","8,180.87","8,400.41","8,400.41","8,112.58","","-2.61%"
"02/02/2016","8,400.41","8,547.97","8,547.97","8,384.03","","-1.73%"
"02/01/2016","8,547.97","8,585.34","8,621.14","8,481.77","","-0.44%"
"01/29/2016","8,585.34","8,359.62","8,585.34","8,359.62","","2.70%"
"01/28/2016","8,359.62","8,463.39","8,492.73","8,328.78","","-1.23%"
"01/27/2016","8,463.39","8,330.38","8,463.39","8,328.63","","1.60%"
"01/26/2016","8,330.38","8,341.99","8,341.99","8,188.48","","-0.14%"
"01/25/2016","8,341.99","8,370.42","8,430.25","8,315.05","","-0.34%"
"01/22/2016","8,370.42","8,206.18","8,390.54","8,206.18","","2.00%"
"01/21/2016","8,206.18","8,061.01","8,225.41","8,058.59","","1.80%"
"01/20/2016","8,061.01","8,353.88","8,353.88","8,021.21","","-3.51%"
"01/19/2016","8,353.88","8,236.87","8,431.57","8,236.87","","1.42%"
"01/18/2016","8,236.87","8,275.99","8,378.57","8,207.94","","-0.47%"
"01/15/2016","8,275.99","8,562.73","8,577.45","8,243.23","","-3.35%"
"01/14/2016","8,562.73","8,797.52","8,797.52","8,496.39","","-2.67%"
"01/13/2016","8,797.52","8,848.22","8,949.08","8,766.75","","-0.57%"
"01/12/2016","8,848.22","8,778.79","8,914.92","8,765.57","","0.79%"
"01/11/2016","8,778.79","8,805.70","8,843.16","8,724.85","","-0.31%"
"01/08/2016","8,805.70","8,872.51","8,985.95","8,805.70","","-0.75%"
"01/07/2016","8,872.51","9,099.83","9,101.11","8,784.02","","-2.50%"
"01/06/2016","9,099.83","9,212.62","9,217.15","9,044.97","","-1.22%"
"01/05/2016","9,212.62","9,189.39","9,260.70","9,145.73","","0.25%"
"01/04/2016","9,189.39","9,451.28","9,454.30","9,162.33","","-2.77%"
"12/31/2015","9,451.28","9,477.08","9,484.66","9,440.20","","-0.27%"
"12/30/2015","9,477.08","9,540.27","9,540.27","9,453.26","","-0.66%"
"12/29/2015","9,540.27","9,382.87","9,540.27","9,382.87","","1.68%"
"12/24/2015","9,382.87","9,378.62","9,428.34","9,378.62","","0.05%"
"12/23/2015","9,378.62","9,290.64","9,400.95","9,288.21","","0.95%"
"12/22/2015","9,290.64","9,246.18","9,340.27","9,223.41","","0.48%"
"12/21/2015","9,246.18","9,271.91","9,369.04","9,246.18","","-0.28%"
"12/18/2015","9,271.91","9,333.09","9,340.74","9,251.18","","-0.66%"
"12/17/2015","9,333.09","9,170.88","9,366.58","9,170.88","","1.77%"
"12/16/2015","9,170.88","9,133.67","9,186.75","9,133.10","","0.41%"
"12/15/2015","9,133.67","8,887.30","9,150.30","8,887.30","","2.77%"
"12/14/2015","8,887.30","8,926.70","9,069.41","8,880.96","","-0.44%"
"12/11/2015","8,926.70","9,203.20","9,203.20","8,921.55","","-3.00%"
"12/10/2015","9,203.20","9,361.63","9,361.63","9,202.94","","-1.69%"
"12/09/2015","9,361.63","9,379.53","9,421.75","9,324.24","","-0.19%"
"12/08/2015","9,379.53","9,526.17","9,544.60","9,347.06","","-1.54%"
"12/07/2015","9,526.17","9,473.52","9,593.93","9,473.52","","0.56%"
"12/04/2015","9,473.52","9,475.36","9,483.12","9,382.16","","-0.02%"
"12/03/2015","9,475.36","9,663.36","9,684.74","9,475.36","","-1.95%"
"12/02/2015","9,663.36","9,667.19","9,704.52","9,650.28","","-0.04%"
"12/01/2015","9,667.19","9,633.32","9,669.08","9,616.42","","0.35%"
"11/30/2015","9,633.32","9,622.74","9,646.02","9,560.47","","0.11%"
"11/27/2015","9,622.74","9,610.65","9,628.83","9,549.68","","0.13%"
"11/26/2015","9,610.65","9,565.64","9,613.58","9,560.30","","0.47%"
"11/25/2015","9,565.64","9,464.67","9,595.11","9,464.67","","1.07%"
"11/24/2015","9,464.67","9,564.37","9,572.30","9,379.73","","-1.04%"
"11/23/2015","9,564.37","9,629.46","9,629.46","9,552.16","","-0.68%"
"11/20/2015","9,629.46","9,580.51","9,634.38","9,560.26","","0.51%"
"11/19/2015","9,580.51","9,517.40","9,612.90","9,513.19","","0.66%"
"11/18/2015","9,517.40","9,532.58","9,532.58","9,475.17","","-0.16%"
"11/17/2015","9,532.58","9,351.85","9,532.58","9,351.85","","1.93%"
"11/16/2015","9,351.85","9,312.42","9,359.58","9,252.50","","0.42%"
"11/13/2015","9,312.42","9,421.17","9,422.80","9,277.48","","-1.15%"
"11/12/2015","9,421.17","9,537.59","9,563.04","9,407.38","","-1.22%"
"11/11/2015","9,537.59","9,473.75","9,555.58","9,471.46","","0.67%"
"11/10/2015","9,473.75","9,561.61","9,615.53","9,428.24","","-0.92%"
"11/09/2015","9,561.61","9,546.66","9,631.90","9,546.66","","0.16%"
"11/06/2015","9,546.66","9,460.90","9,572.04","9,424.66","","0.91%"
"11/05/2015","9,460.90","9,461.65","9,504.36","9,445.37","","-0.01%"
"11/04/2015","9,461.65","9,472.60","9,542.22","9,453.16","","-0.12%"
"11/03/2015","9,472.60","9,480.67","9,518.40","9,436.63","","-0.09%"
"11/02/2015","9,480.67","9,461.68","9,491.15","9,404.73","","0.20%"